GEOID_2,Block Level LSLR,Breaks Leaks,CIP Sewer and Water Main,Daycare,Equity,Homeowner Initiated,max,maxes
17031010100,0.0,3.0,5.0,0.0,1.0,0.0,CIP Sewer and Water Main,['CIP Sewer and Water Main']
17031010201,0.0,2.0,0.0,1.0,2.0,0.0,Breaks Leaks,"['Breaks Leaks', 'Equity']"
17031010202,0.0,2.0,0.0,0.0,1.0,0.0,Breaks Leaks,['Breaks Leaks']
17031010300,0.0,6.0,22.0,0.0,0.0,2.0,CIP Sewer and Water Main,['CIP Sewer and Water Main']
17031010400,0.0,2.0,0.0,0.0,0.0,1.0,Breaks Leaks,['Breaks Leaks']
17031010501,0.0,3.0,0.0,0.0,1.0,0.0,Breaks Leaks,['Breaks Leaks']
17031010502,0.0,4.0,0.0,0.0,0.0,0.0,Breaks Leaks,['Breaks Leaks']
17031010503,0.0,5.0,0.0,0.0,0.0,2.0,Breaks Leaks,['Breaks Leaks']
17031010600,0.0,10.0,0.0,0.0,1.0,2.0,Breaks Leaks,['Breaks Leaks']
17031010701,0.0,7.0,0.0,1.0,4.0,0.0,Breaks Leaks,['Breaks Leaks']
17031010702,0.0,1.0,0.0,0.0,1.0,1.0,Breaks Leaks,"['Breaks Leaks', 'Equity', 'Homeowner Initiated']"
17031020100,0.0,4.0,0.0,1.0,2.0,0.0,Breaks Leaks,['Breaks Leaks']
17031020200,0.0,22.0,0.0,0.0,5.0,9.0,Breaks Leaks,['Breaks Leaks']
17031020301,0.0,8.0,0.0,0.0,8.0,3.0,Breaks Leaks,"['Breaks Leaks', 'Equity']"
17031020302,0.0,7.0,0.0,2.0,6.0,1.0,Breaks Leaks,['Breaks Leaks']
17031020400,0.0,4.0,0.0,0.0,1.0,2.0,Breaks Leaks,['Breaks Leaks']
17031020500,0.0,1.0,0.0,0.0,1.0,0.0,Breaks Leaks,"['Breaks Leaks', 'Equity']"
17031020601,0.0,18.0,0.0,0.0,4.0,0.0,Breaks Leaks,['Breaks Leaks']
17031020602,0.0,8.0,0.0,0.0,3.0,1.0,Breaks Leaks,['Breaks Leaks']
17031020701,0.0,11.0,0.0,0.0,0.0,2.0,Breaks Leaks,['Breaks Leaks']
17031020702,0.0,17.0,0.0,1.0,4.0,0.0,Breaks Leaks,['Breaks Leaks']
17031020801,0.0,11.0,0.0,4.0,6.0,2.0,Breaks Leaks,['Breaks Leaks']
17031020802,0.0,18.0,7.0,1.0,5.0,2.0,Breaks Leaks,['Breaks Leaks']
17031020901,0.0,5.0,0.0,2.0,1.0,0.0,Breaks Leaks,['Breaks Leaks']
17031020902,0.0,0.0,0.0,0.0,1.0,0.0,Equity,['Equity']
17031030102,0.0,0.0,0.0,0.0,0.0,1.0,Homeowner Initiated,['Homeowner Initiated']
17031030103,0.0,2.0,0.0,0.0,0.0,0.0,Breaks Leaks,['Breaks Leaks']
17031030200,0.0,11.0,0.0,1.0,3.0,7.0,Breaks Leaks,['Breaks Leaks']
17031030300,0.0,4.0,1.0,0.0,2.0,1.0,Breaks Leaks,['Breaks Leaks']
17031030400,0.0,5.0,0.0,0.0,0.0,3.0,Breaks Leaks,['Breaks Leaks']
17031030500,0.0,13.0,35.0,0.0,1.0,3.0,CIP Sewer and Water Main,['CIP Sewer and Water Main']
17031030601,0.0,2.0,0.0,0.0,0.0,0.0,Breaks Leaks,['Breaks Leaks']
17031030603,0.0,1.0,0.0,0.0,0.0,1.0,Breaks Leaks,"['Breaks Leaks', 'Homeowner Initiated']"
17031030701,0.0,1.0,0.0,0.0,0.0,0.0,Breaks Leaks,['Breaks Leaks']
17031030703,0.0,0.0,0.0,2.0,1.0,1.0,Daycare,['Daycare']
17031030706,0.0,1.0,0.0,0.0,0.0,0.0,Breaks Leaks,['Breaks Leaks']
17031030800,0.0,15.0,0.0,0.0,0.0,20.0,Homeowner Initiated,['Homeowner Initiated']
17031030900,0.0,5.0,0.0,0.0,0.0,6.0,Homeowner Initiated,['Homeowner Initiated']
17031031000,0.0,5.0,0.0,0.0,1.0,5.0,Breaks Leaks,"['Breaks Leaks', 'Homeowner Initiated']"
17031031100,0.0,13.0,0.0,0.0,0.0,7.0,Breaks Leaks,['Breaks Leaks']
17031031200,0.0,3.0,0.0,2.0,0.0,0.0,Breaks Leaks,['Breaks Leaks']
17031031300,0.0,1.0,0.0,0.0,0.0,4.0,Homeowner Initiated,['Homeowner Initiated']
17031031400,0.0,3.0,0.0,0.0,0.0,2.0,Breaks Leaks,['Breaks Leaks']
17031031501,0.0,1.0,0.0,0.0,0.0,0.0,Breaks Leaks,['Breaks Leaks']
17031031502,0.0,1.0,0.0,1.0,0.0,0.0,Breaks Leaks,"['Breaks Leaks', 'Daycare']"
17031031700,0.0,3.0,0.0,1.0,0.0,3.0,Breaks Leaks,"['Breaks Leaks', 'Homeowner Initiated']"
17031031800,0.0,2.0,0.0,0.0,1.0,1.0,Breaks Leaks,['Breaks Leaks']
17031031900,0.0,3.0,11.0,0.0,0.0,2.0,CIP Sewer and Water Main,['CIP Sewer and Water Main']
17031032100,0.0,2.0,0.0,0.0,0.0,0.0,Breaks Leaks,['Breaks Leaks']
17031040100,0.0,7.0,0.0,1.0,1.0,12.0,Homeowner Initiated,['Homeowner Initiated']
17031040201,0.0,15.0,0.0,0.0,2.0,11.0,Breaks Leaks,['Breaks Leaks']
17031040202,0.0,9.0,0.0,0.0,3.0,3.0,Breaks Leaks,['Breaks Leaks']
17031040300,0.0,10.0,0.0,0.0,0.0,4.0,Breaks Leaks,['Breaks Leaks']
17031040401,0.0,10.0,0.0,1.0,3.0,7.0,Breaks Leaks,['Breaks Leaks']
17031040402,0.0,4.0,0.0,0.0,0.0,5.0,Homeowner Initiated,['Homeowner Initiated']
17031040600,0.0,3.0,0.0,0.0,0.0,4.0,Homeowner Initiated,['Homeowner Initiated']
17031040700,0.0,6.0,0.0,1.0,2.0,11.0,Homeowner Initiated,['Homeowner Initiated']
17031040800,0.0,6.0,0.0,0.0,2.0,6.0,Breaks Leaks,"['Breaks Leaks', 'Homeowner Initiated']"
17031040900,0.0,5.0,0.0,0.0,0.0,1.0,Breaks Leaks,['Breaks Leaks']
17031050100,0.0,4.0,0.0,0.0,0.0,5.0,Homeowner Initiated,['Homeowner Initiated']
17031050200,0.0,6.0,0.0,0.0,0.0,4.0,Breaks Leaks,['Breaks Leaks']
17031050300,0.0,12.0,0.0,0.0,2.0,4.0,Breaks Leaks,['Breaks Leaks']
17031050500,0.0,10.0,0.0,0.0,0.0,18.0,Homeowner Initiated,['Homeowner Initiated']
17031050600,0.0,2.0,0.0,0.0,0.0,3.0,Homeowner Initiated,['Homeowner Initiated']
17031050700,0.0,4.0,0.0,0.0,0.0,2.0,Breaks Leaks,['Breaks Leaks']
17031050800,0.0,4.0,0.0,0.0,0.0,1.0,Breaks Leaks,['Breaks Leaks']
17031050900,0.0,6.0,0.0,0.0,0.0,2.0,Breaks Leaks,['Breaks Leaks']
17031051000,0.0,6.0,0.0,0.0,0.0,0.0,Breaks Leaks,['Breaks Leaks']
17031051100,0.0,4.0,0.0,0.0,0.0,0.0,Breaks Leaks,['Breaks Leaks']
17031051300,0.0,8.0,0.0,0.0,0.0,1.0,Breaks Leaks,['Breaks Leaks']
17031051400,0.0,2.0,8.0,0.0,0.0,0.0,CIP Sewer and Water Main,['CIP Sewer and Water Main']
17031060100,0.0,3.0,13.0,0.0,1.0,3.0,CIP Sewer and Water Main,['CIP Sewer and Water Main']
17031060200,0.0,1.0,0.0,0.0,0.0,6.0,Homeowner Initiated,['Homeowner Initiated']
17031060300,0.0,4.0,0.0,0.0,0.0,14.0,Homeowner Initiated,['Homeowner Initiated']
17031060400,0.0,3.0,0.0,0.0,1.0,0.0,Breaks Leaks,['Breaks Leaks']
17031060500,0.0,1.0,0.0,0.0,0.0,2.0,Homeowner Initiated,['Homeowner Initiated']
17031060800,0.0,1.0,0.0,0.0,0.0,0.0,Breaks Leaks,['Breaks Leaks']
17031060900,0.0,2.0,0.0,0.0,0.0,0.0,Breaks Leaks,['Breaks Leaks']
17031061000,0.0,1.0,0.0,0.0,0.0,5.0,Homeowner Initiated,['Homeowner Initiated']
17031061100,0.0,2.0,0.0,0.0,0.0,0.0,Breaks Leaks,['Breaks Leaks']
17031061200,0.0,3.0,0.0,0.0,0.0,1.0,Breaks Leaks,['Breaks Leaks']
17031061500,0.0,0.0,0.0,0.0,2.0,6.0,Homeowner Initiated,['Homeowner Initiated']
17031061901,0.0,4.0,0.0,0.0,0.0,0.0,Breaks Leaks,['Breaks Leaks']
17031062000,0.0,6.0,0.0,0.0,0.0,2.0,Breaks Leaks,['Breaks Leaks']
17031062100,0.0,3.0,0.0,0.0,0.0,0.0,Breaks Leaks,['Breaks Leaks']
17031062200,0.0,3.0,0.0,0.0,0.0,0.0,Breaks Leaks,['Breaks Leaks']
17031062300,0.0,1.0,0.0,0.0,0.0,1.0,Breaks Leaks,"['Breaks Leaks', 'Homeowner Initiated']"
17031062400,0.0,0.0,0.0,0.0,1.0,2.0,Homeowner Initiated,['Homeowner Initiated']
17031062500,0.0,3.0,0.0,0.0,0.0,4.0,Homeowner Initiated,['Homeowner Initiated']
17031062600,0.0,3.0,0.0,0.0,0.0,2.0,Breaks Leaks,['Breaks Leaks']
17031062700,0.0,1.0,0.0,0.0,0.0,3.0,Homeowner Initiated,['Homeowner Initiated']
17031062800,0.0,4.0,0.0,0.0,0.0,2.0,Breaks Leaks,['Breaks Leaks']
17031062900,0.0,2.0,0.0,0.0,0.0,8.0,Homeowner Initiated,['Homeowner Initiated']
17031063000,0.0,4.0,0.0,0.0,1.0,1.0,Breaks Leaks,['Breaks Leaks']
17031063100,0.0,1.0,0.0,0.0,0.0,0.0,Breaks Leaks,['Breaks Leaks']
17031063200,0.0,6.0,0.0,0.0,0.0,0.0,Breaks Leaks,['Breaks Leaks']
17031063301,0.0,1.0,0.0,0.0,0.0,0.0,Breaks Leaks,['Breaks Leaks']
17031063302,0.0,1.0,0.0,0.0,0.0,0.0,Breaks Leaks,['Breaks Leaks']
17031063303,0.0,0.0,0.0,0.0,0.0,2.0,Homeowner Initiated,['Homeowner Initiated']
17031063400,0.0,1.0,0.0,0.0,0.0,2.0,Homeowner Initiated,['Homeowner Initiated']
17031070101,0.0,1.0,0.0,0.0,0.0,1.0,Breaks Leaks,"['Breaks Leaks', 'Homeowner Initiated']"
17031070102,0.0,3.0,0.0,0.0,0.0,0.0,Breaks Leaks,['Breaks Leaks']
17031070103,0.0,0.0,0.0,0.0,0.0,1.0,Homeowner Initiated,['Homeowner Initiated']
17031070200,0.0,4.0,0.0,0.0,0.0,7.0,Homeowner Initiated,['Homeowner Initiated']
17031070300,0.0,3.0,0.0,0.0,0.0,2.0,Breaks Leaks,['Breaks Leaks']
17031070400,0.0,4.0,0.0,0.0,0.0,3.0,Breaks Leaks,['Breaks Leaks']
17031070500,0.0,2.0,16.0,0.0,0.0,2.0,CIP Sewer and Water Main,['CIP Sewer and Water Main']
17031070600,0.0,3.0,6.0,0.0,0.0,1.0,CIP Sewer and Water Main,['CIP Sewer and Water Main']
17031070700,0.0,3.0,0.0,0.0,0.0,2.0,Breaks Leaks,['Breaks Leaks']
17031071000,0.0,6.0,0.0,0.0,0.0,2.0,Breaks Leaks,['Breaks Leaks']
17031071100,0.0,0.0,0.0,0.0,0.0,4.0,Homeowner Initiated,['Homeowner Initiated']
17031071200,0.0,1.0,0.0,0.0,0.0,1.0,Breaks Leaks,"['Breaks Leaks', 'Homeowner Initiated']"
17031071300,0.0,1.0,0.0,0.0,0.0,5.0,Homeowner Initiated,['Homeowner Initiated']
17031071400,0.0,2.0,0.0,0.0,0.0,2.0,Breaks Leaks,"['Breaks Leaks', 'Homeowner Initiated']"
17031071500,0.0,4.0,0.0,0.0,0.0,1.0,Breaks Leaks,['Breaks Leaks']
17031071600,0.0,2.0,0.0,0.0,0.0,1.0,Breaks Leaks,['Breaks Leaks']
17031071700,0.0,3.0,0.0,0.0,0.0,2.0,Breaks Leaks,['Breaks Leaks']
17031071800,0.0,4.0,0.0,0.0,0.0,1.0,Breaks Leaks,['Breaks Leaks']
17031080100,0.0,4.0,0.0,0.0,0.0,1.0,Breaks Leaks,['Breaks Leaks']
17031080201,0.0,1.0,0.0,0.0,0.0,1.0,Breaks Leaks,"['Breaks Leaks', 'Homeowner Initiated']"
17031080202,0.0,0.0,0.0,0.0,0.0,1.0,Homeowner Initiated,['Homeowner Initiated']
17031080300,0.0,1.0,0.0,0.0,0.0,2.0,Homeowner Initiated,['Homeowner Initiated']
17031080400,0.0,1.0,0.0,0.0,0.0,0.0,Breaks Leaks,['Breaks Leaks']
17031081100,0.0,0.0,2.0,0.0,0.0,0.0,CIP Sewer and Water Main,['CIP Sewer and Water Main']
17031081201,0.0,0.0,15.0,0.0,0.0,0.0,CIP Sewer and Water Main,['CIP Sewer and Water Main']
17031081202,0.0,1.0,1.0,0.0,0.0,0.0,Breaks Leaks,"['Breaks Leaks', 'CIP Sewer and Water Main']"
17031081403,0.0,0.0,2.0,0.0,0.0,0.0,CIP Sewer and Water Main,['CIP Sewer and Water Main']
17031081700,0.0,2.0,0.0,0.0,0.0,0.0,Breaks Leaks,['Breaks Leaks']
17031081800,0.0,2.0,0.0,0.0,0.0,0.0,Breaks Leaks,['Breaks Leaks']
17031090100,0.0,31.0,0.0,1.0,3.0,2.0,Breaks Leaks,['Breaks Leaks']
17031090200,0.0,52.0,0.0,0.0,2.0,6.0,Breaks Leaks,['Breaks Leaks']
17031090300,0.0,13.0,0.0,0.0,2.0,3.0,Breaks Leaks,['Breaks Leaks']
17031100100,0.0,33.0,21.0,0.0,4.0,1.0,Breaks Leaks,['Breaks Leaks']
17031100200,0.0,77.0,21.0,0.0,4.0,3.0,Breaks Leaks,['Breaks Leaks']
17031100300,0.0,41.0,21.0,0.0,9.0,6.0,Breaks Leaks,['Breaks Leaks']
17031100400,0.0,25.0,0.0,0.0,1.0,0.0,Breaks Leaks,['Breaks Leaks']
17031100500,0.0,46.0,0.0,0.0,6.0,2.0,Breaks Leaks,['Breaks Leaks']
17031100600,0.0,52.0,0.0,0.0,6.0,0.0,Breaks Leaks,['Breaks Leaks']
17031100700,0.0,51.0,0.0,0.0,9.0,1.0,Breaks Leaks,['Breaks Leaks']
17031110100,0.0,54.0,0.0,0.0,4.0,5.0,Breaks Leaks,['Breaks Leaks']
17031110200,0.0,14.0,0.0,0.0,0.0,0.0,Breaks Leaks,['Breaks Leaks']
17031110300,0.0,21.0,0.0,0.0,5.0,4.0,Breaks Leaks,['Breaks Leaks']
17031110400,0.0,27.0,0.0,0.0,8.0,1.0,Breaks Leaks,['Breaks Leaks']
17031110501,0.0,31.0,0.0,0.0,6.0,1.0,Breaks Leaks,['Breaks Leaks']
17031110502,0.0,10.0,11.0,0.0,0.0,2.0,CIP Sewer and Water Main,['CIP Sewer and Water Main']
17031120100,0.0,13.0,0.0,0.0,1.0,2.0,Breaks Leaks,['Breaks Leaks']
17031120200,0.0,24.0,0.0,0.0,3.0,3.0,Breaks Leaks,['Breaks Leaks']
17031120300,0.0,32.0,0.0,0.0,3.0,7.0,Breaks Leaks,['Breaks Leaks']
17031120400,0.0,30.0,59.0,0.0,3.0,1.0,CIP Sewer and Water Main,['CIP Sewer and Water Main']
17031130100,0.0,23.0,0.0,0.0,7.0,4.0,Breaks Leaks,['Breaks Leaks']
17031130200,0.0,15.0,0.0,0.0,0.0,0.0,Breaks Leaks,['Breaks Leaks']
17031130300,0.0,25.0,0.0,0.0,4.0,1.0,Breaks Leaks,['Breaks Leaks']
17031140100,0.0,6.0,0.0,0.0,1.0,5.0,Breaks Leaks,['Breaks Leaks']
17031140200,0.0,10.0,0.0,0.0,1.0,0.0,Breaks Leaks,['Breaks Leaks']
17031140301,0.0,1.0,13.0,0.0,0.0,2.0,CIP Sewer and Water Main,['CIP Sewer and Water Main']
17031140302,0.0,27.0,0.0,0.0,2.0,2.0,Breaks Leaks,['Breaks Leaks']
17031140400,0.0,38.0,32.0,0.0,5.0,4.0,Breaks Leaks,['Breaks Leaks']
17031140500,0.0,15.0,0.0,0.0,2.0,2.0,Breaks Leaks,['Breaks Leaks']
17031140601,0.0,8.0,0.0,0.0,2.0,2.0,Breaks Leaks,['Breaks Leaks']
17031140602,0.0,16.0,0.0,0.0,0.0,2.0,Breaks Leaks,['Breaks Leaks']
17031140701,0.0,10.0,0.0,0.0,0.0,1.0,Breaks Leaks,['Breaks Leaks']
17031140702,0.0,11.0,0.0,0.0,3.0,2.0,Breaks Leaks,['Breaks Leaks']
17031140800,0.0,24.0,0.0,0.0,3.0,8.0,Breaks Leaks,['Breaks Leaks']
17031150200,0.0,40.0,0.0,0.0,4.0,4.0,Breaks Leaks,['Breaks Leaks']
17031150300,0.0,43.0,0.0,0.0,6.0,5.0,Breaks Leaks,['Breaks Leaks']
17031150401,0.0,28.0,35.0,0.0,2.0,0.0,CIP Sewer and Water Main,['CIP Sewer and Water Main']
17031150402,0.0,26.0,0.0,0.0,5.0,5.0,Breaks Leaks,['Breaks Leaks']
17031150501,0.0,17.0,0.0,0.0,4.0,2.0,Breaks Leaks,['Breaks Leaks']
17031150502,0.0,23.0,0.0,0.0,7.0,3.0,Breaks Leaks,['Breaks Leaks']
17031150600,0.0,32.0,0.0,0.0,6.0,6.0,Breaks Leaks,['Breaks Leaks']
17031150700,0.0,41.0,0.0,0.0,7.0,3.0,Breaks Leaks,['Breaks Leaks']
17031150800,0.0,23.0,0.0,0.0,4.0,3.0,Breaks Leaks,['Breaks Leaks']
17031151001,0.0,9.0,0.0,0.0,3.0,1.0,Breaks Leaks,['Breaks Leaks']
17031151002,0.0,20.0,0.0,0.0,5.0,2.0,Breaks Leaks,['Breaks Leaks']
17031151100,0.0,21.0,0.0,0.0,5.0,2.0,Breaks Leaks,['Breaks Leaks']
17031151200,0.0,26.0,0.0,0.0,5.0,3.0,Breaks Leaks,['Breaks Leaks']
17031160100,0.0,10.0,0.0,0.0,3.0,5.0,Breaks Leaks,['Breaks Leaks']
17031160200,0.0,24.0,0.0,0.0,0.0,3.0,Breaks Leaks,['Breaks Leaks']
17031160300,0.0,7.0,0.0,0.0,1.0,0.0,Breaks Leaks,['Breaks Leaks']
17031160400,0.0,14.0,0.0,0.0,1.0,3.0,Breaks Leaks,['Breaks Leaks']
17031160501,0.0,10.0,0.0,0.0,2.0,2.0,Breaks Leaks,['Breaks Leaks']
17031160502,0.0,9.0,0.0,0.0,6.0,5.0,Breaks Leaks,['Breaks Leaks']
17031160601,0.0,7.0,0.0,0.0,2.0,5.0,Breaks Leaks,['Breaks Leaks']
17031160602,0.0,9.0,0.0,0.0,1.0,2.0,Breaks Leaks,['Breaks Leaks']
17031160700,0.0,16.0,0.0,0.0,1.0,6.0,Breaks Leaks,['Breaks Leaks']
17031160800,0.0,12.0,0.0,0.0,4.0,4.0,Breaks Leaks,['Breaks Leaks']
17031160900,0.0,12.0,0.0,0.0,1.0,1.0,Breaks Leaks,['Breaks Leaks']
17031161000,0.0,11.0,0.0,0.0,2.0,4.0,Breaks Leaks,['Breaks Leaks']
17031161100,0.0,15.0,0.0,0.0,0.0,4.0,Breaks Leaks,['Breaks Leaks']
17031161200,0.0,8.0,0.0,0.0,1.0,1.0,Breaks Leaks,['Breaks Leaks']
17031161300,0.0,11.0,0.0,0.0,2.0,2.0,Breaks Leaks,['Breaks Leaks']
17031170200,0.0,18.0,0.0,0.0,3.0,0.0,Breaks Leaks,['Breaks Leaks']
17031170300,0.0,42.0,0.0,0.0,4.0,0.0,Breaks Leaks,['Breaks Leaks']
17031170400,0.0,26.0,0.0,0.0,5.0,1.0,Breaks Leaks,['Breaks Leaks']
17031170500,0.0,24.0,0.0,0.0,2.0,0.0,Breaks Leaks,['Breaks Leaks']
17031170600,0.0,12.0,0.0,0.0,0.0,0.0,Breaks Leaks,['Breaks Leaks']
17031170700,0.0,20.0,0.0,0.0,4.0,0.0,Breaks Leaks,['Breaks Leaks']
17031170800,0.0,32.0,0.0,0.0,7.0,1.0,Breaks Leaks,['Breaks Leaks']
17031170900,0.0,7.0,0.0,0.0,4.0,0.0,Breaks Leaks,['Breaks Leaks']
17031171000,0.0,46.0,0.0,0.0,2.0,3.0,Breaks Leaks,['Breaks Leaks']
17031171100,0.0,20.0,0.0,0.0,6.0,1.0,Breaks Leaks,['Breaks Leaks']
17031180100,0.0,32.0,0.0,0.0,5.0,1.0,Breaks Leaks,['Breaks Leaks']
17031190100,0.0,10.0,0.0,0.0,2.0,1.0,Breaks Leaks,['Breaks Leaks']
17031190200,0.0,26.0,0.0,0.0,4.0,0.0,Breaks Leaks,['Breaks Leaks']
17031190300,0.0,31.0,0.0,0.0,5.0,0.0,Breaks Leaks,['Breaks Leaks']
17031190401,15.0,21.0,0.0,0.0,6.0,0.0,Breaks Leaks,['Breaks Leaks']
17031190402,0.0,34.0,0.0,2.0,3.0,0.0,Breaks Leaks,['Breaks Leaks']
17031190601,0.0,14.0,0.0,0.0,2.0,0.0,Breaks Leaks,['Breaks Leaks']
17031190602,0.0,25.0,56.0,2.0,4.0,2.0,CIP Sewer and Water Main,['CIP Sewer and Water Main']
17031190701,0.0,19.0,0.0,0.0,0.0,0.0,Breaks Leaks,['Breaks Leaks']
17031190702,0.0,16.0,0.0,2.0,4.0,1.0,Breaks Leaks,['Breaks Leaks']
17031190800,0.0,26.0,0.0,0.0,3.0,0.0,Breaks Leaks,['Breaks Leaks']
17031190900,0.0,11.0,0.0,0.0,0.0,0.0,Breaks Leaks,['Breaks Leaks']
17031191000,0.0,9.0,0.0,0.0,2.0,0.0,Breaks Leaks,['Breaks Leaks']
17031191100,0.0,10.0,0.0,0.0,2.0,0.0,Breaks Leaks,['Breaks Leaks']
17031191200,0.0,6.0,0.0,0.0,0.0,0.0,Breaks Leaks,['Breaks Leaks']
17031191301,0.0,12.0,0.0,0.0,1.0,0.0,Breaks Leaks,['Breaks Leaks']
17031191302,0.0,18.0,0.0,0.0,3.0,1.0,Breaks Leaks,['Breaks Leaks']
17031200100,0.0,20.0,0.0,0.0,1.0,2.0,Breaks Leaks,['Breaks Leaks']
17031200200,0.0,13.0,0.0,0.0,3.0,2.0,Breaks Leaks,['Breaks Leaks']
17031200300,0.0,11.0,0.0,1.0,3.0,0.0,Breaks Leaks,['Breaks Leaks']
17031200401,0.0,15.0,0.0,0.0,2.0,0.0,Breaks Leaks,['Breaks Leaks']
17031200402,0.0,13.0,0.0,1.0,4.0,1.0,Breaks Leaks,['Breaks Leaks']
17031210100,0.0,14.0,0.0,0.0,1.0,6.0,Breaks Leaks,['Breaks Leaks']
17031210400,0.0,9.0,0.0,0.0,2.0,0.0,Breaks Leaks,['Breaks Leaks']
17031210501,0.0,12.0,0.0,0.0,0.0,5.0,Breaks Leaks,['Breaks Leaks']
17031210502,0.0,9.0,0.0,0.0,0.0,4.0,Breaks Leaks,['Breaks Leaks']
17031210601,0.0,15.0,0.0,0.0,0.0,5.0,Breaks Leaks,['Breaks Leaks']
17031210602,0.0,7.0,0.0,0.0,0.0,3.0,Breaks Leaks,['Breaks Leaks']
17031210700,0.0,18.0,0.0,0.0,2.0,2.0,Breaks Leaks,['Breaks Leaks']
17031210800,0.0,2.0,0.0,0.0,1.0,3.0,Homeowner Initiated,['Homeowner Initiated']
17031210900,0.0,11.0,0.0,0.0,2.0,3.0,Breaks Leaks,['Breaks Leaks']
17031220300,0.0,11.0,0.0,0.0,2.0,2.0,Breaks Leaks,['Breaks Leaks']
17031220400,0.0,9.0,0.0,0.0,3.0,14.0,Homeowner Initiated,['Homeowner Initiated']
17031220500,0.0,12.0,34.0,0.0,0.0,8.0,CIP Sewer and Water Main,['CIP Sewer and Water Main']
17031220601,0.0,10.0,0.0,0.0,1.0,3.0,Breaks Leaks,['Breaks Leaks']
17031220602,0.0,13.0,0.0,0.0,1.0,12.0,Breaks Leaks,['Breaks Leaks']
17031220701,0.0,13.0,0.0,0.0,1.0,2.0,Breaks Leaks,['Breaks Leaks']
17031220702,0.0,19.0,0.0,1.0,4.0,2.0,Breaks Leaks,['Breaks Leaks']
17031220901,0.0,14.0,0.0,0.0,1.0,3.0,Breaks Leaks,['Breaks Leaks']
17031220902,0.0,12.0,0.0,0.0,3.0,5.0,Breaks Leaks,['Breaks Leaks']
17031221000,0.0,4.0,0.0,0.0,1.0,3.0,Breaks Leaks,['Breaks Leaks']
17031221100,0.0,12.0,0.0,0.0,1.0,6.0,Breaks Leaks,['Breaks Leaks']
17031221200,0.0,8.0,10.0,0.0,2.0,5.0,CIP Sewer and Water Main,['CIP Sewer and Water Main']
17031221300,0.0,5.0,0.0,0.0,0.0,6.0,Homeowner Initiated,['Homeowner Initiated']
17031221400,0.0,12.0,0.0,0.0,0.0,5.0,Breaks Leaks,['Breaks Leaks']
17031221500,0.0,3.0,0.0,0.0,3.0,6.0,Homeowner Initiated,['Homeowner Initiated']
17031221600,0.0,9.0,0.0,0.0,0.0,12.0,Homeowner Initiated,['Homeowner Initiated']
17031222200,0.0,6.0,0.0,0.0,3.0,1.0,Breaks Leaks,['Breaks Leaks']
17031222500,0.0,2.0,0.0,0.0,0.0,3.0,Homeowner Initiated,['Homeowner Initiated']
17031222600,0.0,3.0,0.0,0.0,3.0,3.0,Breaks Leaks,"['Breaks Leaks', 'Equity', 'Homeowner Initiated']"
17031222700,0.0,4.0,1.0,0.0,0.0,0.0,Breaks Leaks,['Breaks Leaks']
17031222800,0.0,2.0,0.0,0.0,1.0,0.0,Breaks Leaks,['Breaks Leaks']
17031222900,0.0,4.0,0.0,0.0,0.0,0.0,Breaks Leaks,['Breaks Leaks']
17031230100,0.0,5.0,0.0,0.0,0.0,2.0,Breaks Leaks,['Breaks Leaks']
17031230200,0.0,12.0,0.0,0.0,1.0,1.0,Breaks Leaks,['Breaks Leaks']
17031230300,0.0,0.0,0.0,0.0,1.0,1.0,Equity,"['Equity', 'Homeowner Initiated']"
17031230400,0.0,11.0,0.0,0.0,1.0,3.0,Breaks Leaks,['Breaks Leaks']
17031230500,0.0,11.0,0.0,0.0,2.0,1.0,Breaks Leaks,['Breaks Leaks']
17031230600,0.0,21.0,0.0,0.0,7.0,0.0,Breaks Leaks,['Breaks Leaks']
17031230700,0.0,25.0,0.0,0.0,5.0,2.0,Breaks Leaks,['Breaks Leaks']
17031230800,0.0,7.0,0.0,0.0,0.0,0.0,Breaks Leaks,['Breaks Leaks']
17031230900,0.0,18.0,0.0,0.0,3.0,4.0,Breaks Leaks,['Breaks Leaks']
17031231100,0.0,5.0,123.0,1.0,4.0,2.0,CIP Sewer and Water Main,['CIP Sewer and Water Main']
17031231200,0.0,19.0,58.0,0.0,4.0,2.0,CIP Sewer and Water Main,['CIP Sewer and Water Main']
17031231500,7.0,25.0,1.0,0.0,1.0,2.0,Breaks Leaks,['Breaks Leaks']
17031240200,0.0,1.0,0.0,0.0,0.0,0.0,Breaks Leaks,['Breaks Leaks']
17031240300,0.0,8.0,0.0,0.0,0.0,1.0,Breaks Leaks,['Breaks Leaks']
17031240500,0.0,3.0,0.0,0.0,0.0,0.0,Breaks Leaks,['Breaks Leaks']
17031240600,0.0,1.0,0.0,0.0,0.0,2.0,Homeowner Initiated,['Homeowner Initiated']
17031240700,0.0,6.0,0.0,0.0,0.0,4.0,Breaks Leaks,['Breaks Leaks']
17031240800,0.0,6.0,0.0,0.0,1.0,1.0,Breaks Leaks,['Breaks Leaks']
17031240900,0.0,6.0,0.0,0.0,0.0,2.0,Breaks Leaks,['Breaks Leaks']
17031241000,0.0,5.0,1.0,0.0,0.0,2.0,Breaks Leaks,['Breaks Leaks']
17031241100,0.0,7.0,13.0,0.0,1.0,6.0,CIP Sewer and Water Main,['CIP Sewer and Water Main']
17031241200,0.0,8.0,0.0,0.0,1.0,3.0,Breaks Leaks,['Breaks Leaks']
17031241300,0.0,2.0,12.0,0.0,0.0,6.0,CIP Sewer and Water Main,['CIP Sewer and Water Main']
17031241400,0.0,8.0,12.0,0.0,0.0,6.0,CIP Sewer and Water Main,['CIP Sewer and Water Main']
17031241500,0.0,3.0,0.0,0.0,0.0,3.0,Breaks Leaks,"['Breaks Leaks', 'Homeowner Initiated']"
17031241600,0.0,4.0,0.0,0.0,0.0,4.0,Breaks Leaks,"['Breaks Leaks', 'Homeowner Initiated']"
17031242000,0.0,13.0,0.0,0.0,1.0,1.0,Breaks Leaks,['Breaks Leaks']
17031242100,0.0,3.0,0.0,0.0,0.0,4.0,Homeowner Initiated,['Homeowner Initiated']
17031242200,0.0,2.0,0.0,0.0,0.0,9.0,Homeowner Initiated,['Homeowner Initiated']
17031242300,0.0,16.0,40.0,0.0,0.0,7.0,CIP Sewer and Water Main,['CIP Sewer and Water Main']
17031242400,0.0,9.0,0.0,0.0,0.0,4.0,Breaks Leaks,['Breaks Leaks']
17031242500,0.0,13.0,0.0,0.0,0.0,5.0,Breaks Leaks,['Breaks Leaks']
17031242600,0.0,14.0,13.0,0.0,1.0,5.0,Breaks Leaks,['Breaks Leaks']
17031242700,0.0,4.0,0.0,0.0,0.0,1.0,Breaks Leaks,['Breaks Leaks']
17031242800,0.0,6.0,0.0,0.0,1.0,8.0,Homeowner Initiated,['Homeowner Initiated']
17031242900,0.0,13.0,0.0,0.0,0.0,4.0,Breaks Leaks,['Breaks Leaks']
17031243000,0.0,0.0,0.0,0.0,0.0,4.0,Homeowner Initiated,['Homeowner Initiated']
17031243100,0.0,2.0,0.0,0.0,1.0,1.0,Breaks Leaks,['Breaks Leaks']
17031243200,0.0,6.0,0.0,0.0,0.0,3.0,Breaks Leaks,['Breaks Leaks']
17031243300,0.0,5.0,0.0,0.0,0.0,2.0,Breaks Leaks,['Breaks Leaks']
17031243400,0.0,12.0,9.0,0.0,0.0,6.0,Breaks Leaks,['Breaks Leaks']
17031243500,0.0,2.0,16.0,0.0,0.0,1.0,CIP Sewer and Water Main,['CIP Sewer and Water Main']
17031250200,0.0,13.0,0.0,2.0,2.0,0.0,Breaks Leaks,['Breaks Leaks']
17031250300,0.0,25.0,0.0,4.0,5.0,1.0,Breaks Leaks,['Breaks Leaks']
17031250400,0.0,32.0,0.0,0.0,11.0,0.0,Breaks Leaks,['Breaks Leaks']
17031250500,0.0,93.0,0.0,0.0,13.0,1.0,Breaks Leaks,['Breaks Leaks']
17031250600,0.0,25.0,0.0,3.0,20.0,1.0,Breaks Leaks,['Breaks Leaks']
17031250700,0.0,25.0,0.0,5.0,10.0,1.0,Breaks Leaks,['Breaks Leaks']
17031250800,0.0,16.0,0.0,0.0,5.0,0.0,Breaks Leaks,['Breaks Leaks']
17031251000,0.0,2.0,0.0,0.0,0.0,0.0,Breaks Leaks,['Breaks Leaks']
17031251100,0.0,20.0,0.0,4.0,9.0,1.0,Breaks Leaks,['Breaks Leaks']
17031251200,0.0,21.0,0.0,5.0,12.0,1.0,Breaks Leaks,['Breaks Leaks']
17031251300,0.0,32.0,0.0,9.0,13.0,3.0,Breaks Leaks,['Breaks Leaks']
17031251400,0.0,27.0,0.0,5.0,6.0,2.0,Breaks Leaks,['Breaks Leaks']
17031251500,0.0,12.0,0.0,8.0,2.0,0.0,Breaks Leaks,['Breaks Leaks']
17031251600,0.0,19.0,0.0,3.0,7.0,0.0,Breaks Leaks,['Breaks Leaks']
17031251700,0.0,8.0,0.0,1.0,3.0,0.0,Breaks Leaks,['Breaks Leaks']
17031251800,0.0,10.0,0.0,5.0,3.0,2.0,Breaks Leaks,['Breaks Leaks']
17031251900,0.0,13.0,0.0,2.0,6.0,1.0,Breaks Leaks,['Breaks Leaks']
17031252000,19.0,11.0,19.0,2.0,4.0,0.0,Block Level LSLR,"['Block Level LSLR', 'CIP Sewer and Water Main']"
17031252101,0.0,3.0,0.0,1.0,1.0,0.0,Breaks Leaks,['Breaks Leaks']
17031252102,0.0,20.0,0.0,5.0,13.0,1.0,Breaks Leaks,['Breaks Leaks']
17031252201,0.0,6.0,0.0,3.0,4.0,0.0,Breaks Leaks,['Breaks Leaks']
17031252202,0.0,17.0,3.0,3.0,6.0,0.0,Breaks Leaks,['Breaks Leaks']
17031260100,0.0,4.0,0.0,1.0,0.0,0.0,Breaks Leaks,['Breaks Leaks']
17031260200,0.0,6.0,0.0,3.0,1.0,0.0,Breaks Leaks,['Breaks Leaks']
17031260300,0.0,3.0,10.0,0.0,1.0,0.0,CIP Sewer and Water Main,['CIP Sewer and Water Main']
17031260400,0.0,6.0,0.0,1.0,1.0,0.0,Breaks Leaks,['Breaks Leaks']
17031260500,0.0,6.0,0.0,5.0,0.0,0.0,Breaks Leaks,['Breaks Leaks']
17031260600,0.0,11.0,0.0,1.0,2.0,2.0,Breaks Leaks,['Breaks Leaks']
17031260700,0.0,7.0,0.0,2.0,3.0,1.0,Breaks Leaks,['Breaks Leaks']
17031260800,0.0,9.0,0.0,2.0,0.0,2.0,Breaks Leaks,['Breaks Leaks']
17031260900,0.0,9.0,0.0,1.0,1.0,2.0,Breaks Leaks,['Breaks Leaks']
17031261000,0.0,13.0,0.0,2.0,4.0,2.0,Breaks Leaks,['Breaks Leaks']
17031270500,0.0,2.0,0.0,0.0,2.0,0.0,Breaks Leaks,"['Breaks Leaks', 'Equity']"
17031271200,0.0,5.0,0.0,1.0,0.0,0.0,Breaks Leaks,['Breaks Leaks']
17031271300,0.0,4.0,0.0,1.0,1.0,1.0,Breaks Leaks,['Breaks Leaks']
17031271400,0.0,6.0,0.0,4.0,1.0,0.0,Breaks Leaks,['Breaks Leaks']
17031271500,0.0,6.0,0.0,0.0,0.0,0.0,Breaks Leaks,['Breaks Leaks']
17031271800,0.0,9.0,0.0,1.0,0.0,0.0,Breaks Leaks,['Breaks Leaks']
17031280400,0.0,1.0,0.0,0.0,0.0,0.0,Breaks Leaks,['Breaks Leaks']
17031280800,0.0,2.0,0.0,0.0,0.0,0.0,Breaks Leaks,['Breaks Leaks']
17031280900,0.0,1.0,0.0,0.0,0.0,0.0,Breaks Leaks,['Breaks Leaks']
17031282700,0.0,4.0,0.0,0.0,4.0,0.0,Breaks Leaks,"['Breaks Leaks', 'Equity']"
17031282800,0.0,4.0,0.0,0.0,0.0,0.0,Breaks Leaks,['Breaks Leaks']
17031283100,0.0,1.0,0.0,0.0,0.0,4.0,Homeowner Initiated,['Homeowner Initiated']
17031283200,0.0,3.0,0.0,0.0,0.0,0.0,Breaks Leaks,['Breaks Leaks']
17031290900,0.0,18.0,0.0,3.0,2.0,1.0,Breaks Leaks,['Breaks Leaks']
17031291200,0.0,12.0,0.0,1.0,2.0,1.0,Breaks Leaks,['Breaks Leaks']
17031291600,0.0,2.0,0.0,0.0,0.0,0.0,Breaks Leaks,['Breaks Leaks']
17031292200,0.0,11.0,0.0,0.0,3.0,2.0,Breaks Leaks,['Breaks Leaks']
17031292400,0.0,8.0,0.0,1.0,0.0,2.0,Breaks Leaks,['Breaks Leaks']
17031292500,0.0,23.0,0.0,2.0,3.0,1.0,Breaks Leaks,['Breaks Leaks']
17031300500,0.0,6.0,0.0,0.0,1.0,0.0,Breaks Leaks,['Breaks Leaks']
17031300600,0.0,13.0,0.0,1.0,1.0,1.0,Breaks Leaks,['Breaks Leaks']
17031300700,0.0,10.0,0.0,1.0,2.0,2.0,Breaks Leaks,['Breaks Leaks']
17031300800,0.0,13.0,0.0,0.0,0.0,0.0,Breaks Leaks,['Breaks Leaks']
17031300900,0.0,15.0,0.0,0.0,0.0,2.0,Breaks Leaks,['Breaks Leaks']
17031301100,0.0,16.0,0.0,0.0,2.0,1.0,Breaks Leaks,['Breaks Leaks']
17031301200,0.0,11.0,0.0,1.0,2.0,2.0,Breaks Leaks,['Breaks Leaks']
17031301600,0.0,26.0,0.0,0.0,0.0,0.0,Breaks Leaks,['Breaks Leaks']
17031301701,0.0,13.0,0.0,0.0,2.0,0.0,Breaks Leaks,['Breaks Leaks']
17031301702,0.0,11.0,0.0,1.0,1.0,0.0,Breaks Leaks,['Breaks Leaks']
17031301801,0.0,15.0,0.0,0.0,1.0,0.0,Breaks Leaks,['Breaks Leaks']
17031301802,0.0,13.0,0.0,2.0,1.0,0.0,Breaks Leaks,['Breaks Leaks']
17031301803,0.0,16.0,0.0,1.0,2.0,0.0,Breaks Leaks,['Breaks Leaks']
17031310200,0.0,4.0,0.0,0.0,2.0,0.0,Breaks Leaks,['Breaks Leaks']
17031310300,0.0,4.0,0.0,0.0,1.0,1.0,Breaks Leaks,['Breaks Leaks']
17031310400,0.0,3.0,0.0,0.0,0.0,0.0,Breaks Leaks,['Breaks Leaks']
17031310500,0.0,6.0,0.0,0.0,0.0,1.0,Breaks Leaks,['Breaks Leaks']
17031310600,0.0,15.0,0.0,0.0,0.0,5.0,Breaks Leaks,['Breaks Leaks']
17031310700,0.0,3.0,0.0,0.0,0.0,0.0,Breaks Leaks,['Breaks Leaks']
17031310800,0.0,15.0,0.0,0.0,2.0,2.0,Breaks Leaks,['Breaks Leaks']
17031310900,0.0,32.0,0.0,0.0,5.0,5.0,Breaks Leaks,['Breaks Leaks']
17031330103,0.0,1.0,0.0,1.0,0.0,0.0,Breaks Leaks,"['Breaks Leaks', 'Daycare']"
17031340300,0.0,1.0,0.0,0.0,1.0,0.0,Breaks Leaks,"['Breaks Leaks', 'Equity']"
17031340400,0.0,4.0,0.0,0.0,0.0,2.0,Breaks Leaks,['Breaks Leaks']
17031340500,0.0,4.0,0.0,0.0,0.0,0.0,Breaks Leaks,['Breaks Leaks']
17031351000,0.0,0.0,0.0,0.0,2.0,0.0,Equity,['Equity']
17031351400,0.0,1.0,0.0,0.0,0.0,0.0,Breaks Leaks,['Breaks Leaks']
17031380100,0.0,4.0,0.0,0.0,0.0,2.0,Breaks Leaks,['Breaks Leaks']
17031380200,0.0,3.0,0.0,0.0,0.0,0.0,Breaks Leaks,['Breaks Leaks']
17031380600,0.0,4.0,0.0,0.0,2.0,2.0,Breaks Leaks,['Breaks Leaks']
17031381200,0.0,5.0,0.0,0.0,1.0,0.0,Breaks Leaks,['Breaks Leaks']
17031381400,0.0,3.0,0.0,0.0,0.0,0.0,Breaks Leaks,['Breaks Leaks']
17031381800,0.0,4.0,0.0,1.0,0.0,1.0,Breaks Leaks,['Breaks Leaks']
17031381900,0.0,3.0,0.0,0.0,0.0,1.0,Breaks Leaks,['Breaks Leaks']
17031390100,0.0,0.0,0.0,0.0,1.0,0.0,Equity,['Equity']
17031390200,0.0,2.0,0.0,0.0,0.0,2.0,Breaks Leaks,"['Breaks Leaks', 'Homeowner Initiated']"
17031390400,0.0,8.0,0.0,1.0,1.0,0.0,Breaks Leaks,['Breaks Leaks']
17031390500,0.0,4.0,0.0,0.0,0.0,5.0,Homeowner Initiated,['Homeowner Initiated']
17031390600,0.0,4.0,0.0,0.0,1.0,5.0,Homeowner Initiated,['Homeowner Initiated']
17031400300,0.0,2.0,0.0,0.0,0.0,0.0,Breaks Leaks,['Breaks Leaks']
17031400400,0.0,3.0,0.0,0.0,0.0,2.0,Breaks Leaks,['Breaks Leaks']
17031400500,0.0,2.0,0.0,0.0,0.0,0.0,Breaks Leaks,['Breaks Leaks']
17031400800,0.0,2.0,3.0,0.0,0.0,0.0,CIP Sewer and Water Main,['CIP Sewer and Water Main']
17031410100,0.0,1.0,0.0,0.0,0.0,0.0,Breaks Leaks,['Breaks Leaks']
17031410200,0.0,3.0,0.0,0.0,0.0,1.0,Breaks Leaks,['Breaks Leaks']
17031410500,0.0,4.0,0.0,0.0,0.0,2.0,Breaks Leaks,['Breaks Leaks']
17031410600,0.0,6.0,0.0,0.0,0.0,3.0,Breaks Leaks,['Breaks Leaks']
17031410700,0.0,3.0,0.0,1.0,0.0,4.0,Homeowner Initiated,['Homeowner Initiated']
17031410800,0.0,2.0,0.0,0.0,1.0,2.0,Breaks Leaks,"['Breaks Leaks', 'Homeowner Initiated']"
17031410900,0.0,1.0,0.0,0.0,0.0,0.0,Breaks Leaks,['Breaks Leaks']
17031411000,0.0,2.0,0.0,0.0,0.0,0.0,Breaks Leaks,['Breaks Leaks']
17031411100,0.0,3.0,0.0,0.0,0.0,2.0,Breaks Leaks,['Breaks Leaks']
17031411200,0.0,2.0,0.0,0.0,0.0,4.0,Homeowner Initiated,['Homeowner Initiated']
17031420200,0.0,1.0,0.0,0.0,0.0,0.0,Breaks Leaks,['Breaks Leaks']
17031420300,0.0,1.0,0.0,0.0,0.0,0.0,Breaks Leaks,['Breaks Leaks']
17031420400,0.0,1.0,0.0,0.0,0.0,0.0,Breaks Leaks,['Breaks Leaks']
17031420500,0.0,3.0,11.0,1.0,1.0,0.0,CIP Sewer and Water Main,['CIP Sewer and Water Main']
17031420600,0.0,6.0,0.0,0.0,3.0,4.0,Breaks Leaks,['Breaks Leaks']
17031420700,11.0,26.0,0.0,4.0,8.0,4.0,Breaks Leaks,['Breaks Leaks']
17031420800,0.0,4.0,0.0,0.0,2.0,1.0,Breaks Leaks,['Breaks Leaks']
17031421200,0.0,10.0,0.0,1.0,0.0,2.0,Breaks Leaks,['Breaks Leaks']
17031430101,0.0,7.0,0.0,0.0,1.0,0.0,Breaks Leaks,['Breaks Leaks']
17031430102,0.0,2.0,0.0,0.0,0.0,0.0,Breaks Leaks,['Breaks Leaks']
17031430200,0.0,17.0,0.0,0.0,0.0,1.0,Breaks Leaks,['Breaks Leaks']
17031430300,0.0,3.0,0.0,0.0,0.0,0.0,Breaks Leaks,['Breaks Leaks']
17031430400,0.0,13.0,0.0,1.0,5.0,1.0,Breaks Leaks,['Breaks Leaks']
17031430500,0.0,9.0,0.0,1.0,2.0,0.0,Breaks Leaks,['Breaks Leaks']
17031430600,0.0,9.0,0.0,0.0,3.0,0.0,Breaks Leaks,['Breaks Leaks']
17031430700,0.0,2.0,0.0,0.0,0.0,0.0,Breaks Leaks,['Breaks Leaks']
17031430800,0.0,5.0,0.0,1.0,0.0,2.0,Breaks Leaks,['Breaks Leaks']
17031430900,0.0,6.0,0.0,0.0,4.0,0.0,Breaks Leaks,['Breaks Leaks']
17031431200,0.0,23.0,7.0,0.0,8.0,0.0,Breaks Leaks,['Breaks Leaks']
17031431301,0.0,16.0,0.0,1.0,2.0,0.0,Breaks Leaks,['Breaks Leaks']
17031431302,0.0,9.0,0.0,0.0,0.0,1.0,Breaks Leaks,['Breaks Leaks']
17031431400,0.0,11.0,0.0,1.0,1.0,0.0,Breaks Leaks,['Breaks Leaks']
17031440101,0.0,8.0,6.0,1.0,1.0,0.0,Breaks Leaks,['Breaks Leaks']
17031440102,0.0,7.0,2.0,1.0,3.0,0.0,Breaks Leaks,['Breaks Leaks']
17031440201,0.0,12.0,0.0,1.0,1.0,1.0,Breaks Leaks,['Breaks Leaks']
17031440202,0.0,17.0,0.0,3.0,5.0,0.0,Breaks Leaks,['Breaks Leaks']
17031440300,0.0,17.0,0.0,5.0,13.0,0.0,Breaks Leaks,['Breaks Leaks']
17031440600,0.0,25.0,6.0,6.0,7.0,0.0,Breaks Leaks,['Breaks Leaks']
17031440700,0.0,12.0,0.0,2.0,4.0,1.0,Breaks Leaks,['Breaks Leaks']
17031440800,0.0,1.0,0.0,2.0,1.0,0.0,Daycare,['Daycare']
17031440900,0.0,18.0,0.0,3.0,9.0,0.0,Breaks Leaks,['Breaks Leaks']
17031450300,36.0,17.0,0.0,4.0,10.0,0.0,Block Level LSLR,['Block Level LSLR']
17031460100,0.0,21.0,0.0,0.0,8.0,1.0,Breaks Leaks,['Breaks Leaks']
17031460200,0.0,8.0,71.0,0.0,2.0,0.0,CIP Sewer and Water Main,['CIP Sewer and Water Main']
17031460301,0.0,14.0,0.0,1.0,1.0,0.0,Breaks Leaks,['Breaks Leaks']
17031460302,0.0,17.0,0.0,4.0,4.0,0.0,Breaks Leaks,['Breaks Leaks']
17031460400,0.0,17.0,0.0,0.0,8.0,0.0,Breaks Leaks,['Breaks Leaks']
17031460500,80.0,26.0,0.0,7.0,16.0,1.0,Block Level LSLR,['Block Level LSLR']
17031460800,0.0,16.0,0.0,1.0,1.0,3.0,Breaks Leaks,['Breaks Leaks']
17031461000,0.0,6.0,0.0,2.0,0.0,0.0,Breaks Leaks,['Breaks Leaks']
17031470100,0.0,12.0,0.0,1.0,6.0,1.0,Breaks Leaks,['Breaks Leaks']
17031480100,0.0,6.0,0.0,2.0,8.0,0.0,Equity,['Equity']
17031480200,0.0,5.0,0.0,0.0,5.0,0.0,Breaks Leaks,"['Breaks Leaks', 'Equity']"
17031480300,0.0,6.0,0.0,0.0,3.0,0.0,Breaks Leaks,['Breaks Leaks']
17031480400,0.0,38.0,0.0,2.0,18.0,0.0,Breaks Leaks,['Breaks Leaks']
17031480500,0.0,14.0,2.0,1.0,15.0,0.0,Equity,['Equity']
17031490200,0.0,26.0,0.0,2.0,10.0,0.0,Breaks Leaks,['Breaks Leaks']
17031490500,0.0,14.0,0.0,2.0,1.0,0.0,Breaks Leaks,['Breaks Leaks']
17031490600,0.0,8.0,0.0,0.0,6.0,1.0,Breaks Leaks,['Breaks Leaks']
17031490700,0.0,26.0,0.0,1.0,19.0,2.0,Breaks Leaks,['Breaks Leaks']
17031490800,0.0,21.0,0.0,3.0,17.0,1.0,Breaks Leaks,['Breaks Leaks']
17031490901,0.0,18.0,0.0,2.0,6.0,0.0,Breaks Leaks,['Breaks Leaks']
17031490902,0.0,35.0,0.0,1.0,13.0,0.0,Breaks Leaks,['Breaks Leaks']
17031491000,0.0,32.0,0.0,3.0,5.0,0.0,Breaks Leaks,['Breaks Leaks']
17031491100,0.0,21.0,8.0,0.0,21.0,1.0,Breaks Leaks,"['Breaks Leaks', 'Equity']"
17031491200,0.0,16.0,0.0,2.0,4.0,0.0,Breaks Leaks,['Breaks Leaks']
17031491300,19.0,21.0,0.0,1.0,6.0,0.0,Breaks Leaks,['Breaks Leaks']
17031491400,0.0,9.0,0.0,4.0,2.0,0.0,Breaks Leaks,['Breaks Leaks']
17031500100,0.0,18.0,0.0,2.0,13.0,0.0,Breaks Leaks,['Breaks Leaks']
17031500200,0.0,16.0,0.0,0.0,7.0,0.0,Breaks Leaks,['Breaks Leaks']
17031500300,0.0,12.0,0.0,0.0,4.0,0.0,Breaks Leaks,['Breaks Leaks']
17031510100,0.0,11.0,0.0,0.0,6.0,0.0,Breaks Leaks,['Breaks Leaks']
17031510200,0.0,11.0,0.0,0.0,10.0,0.0,Breaks Leaks,['Breaks Leaks']
17031510300,0.0,27.0,46.0,2.0,30.0,1.0,CIP Sewer and Water Main,['CIP Sewer and Water Main']
17031520100,0.0,5.0,0.0,0.0,2.0,0.0,Breaks Leaks,['Breaks Leaks']
17031520200,0.0,15.0,0.0,0.0,3.0,0.0,Breaks Leaks,['Breaks Leaks']
17031520300,0.0,17.0,0.0,1.0,9.0,0.0,Breaks Leaks,['Breaks Leaks']
17031520400,0.0,15.0,0.0,1.0,5.0,0.0,Breaks Leaks,['Breaks Leaks']
17031520500,0.0,19.0,0.0,0.0,7.0,0.0,Breaks Leaks,['Breaks Leaks']
17031520600,0.0,12.0,0.0,0.0,2.0,0.0,Breaks Leaks,['Breaks Leaks']
17031530100,0.0,11.0,0.0,2.0,4.0,0.0,Breaks Leaks,['Breaks Leaks']
17031530200,0.0,26.0,0.0,2.0,8.0,0.0,Breaks Leaks,['Breaks Leaks']
17031530300,0.0,16.0,0.0,3.0,21.0,0.0,Equity,['Equity']
17031530400,0.0,4.0,0.0,3.0,10.0,0.0,Equity,['Equity']
17031530501,0.0,21.0,0.0,6.0,22.0,0.0,Equity,['Equity']
17031530502,0.0,7.0,0.0,2.0,12.0,0.0,Equity,['Equity']
17031530503,0.0,25.0,0.0,5.0,28.0,1.0,Equity,['Equity']
17031530600,0.0,15.0,0.0,1.0,14.0,1.0,Breaks Leaks,['Breaks Leaks']
17031540101,0.0,5.0,0.0,0.0,1.0,0.0,Breaks Leaks,['Breaks Leaks']
17031540102,0.0,1.0,0.0,0.0,3.0,0.0,Equity,['Equity']
17031550100,0.0,34.0,0.0,0.0,7.0,0.0,Breaks Leaks,['Breaks Leaks']
17031550200,0.0,8.0,0.0,0.0,11.0,0.0,Equity,['Equity']
17031560100,0.0,1.0,0.0,0.0,1.0,0.0,Breaks Leaks,"['Breaks Leaks', 'Equity']"
17031560200,34.0,10.0,0.0,0.0,6.0,0.0,Block Level LSLR,['Block Level LSLR']
17031560300,67.0,15.0,0.0,0.0,4.0,0.0,Block Level LSLR,['Block Level LSLR']
17031560400,0.0,8.0,0.0,0.0,1.0,0.0,Breaks Leaks,['Breaks Leaks']
17031560700,0.0,18.0,0.0,0.0,2.0,2.0,Breaks Leaks,['Breaks Leaks']
17031560800,0.0,40.0,0.0,0.0,10.0,0.0,Breaks Leaks,['Breaks Leaks']
17031560900,0.0,42.0,0.0,0.0,3.0,0.0,Breaks Leaks,['Breaks Leaks']
17031561000,0.0,47.0,0.0,0.0,5.0,0.0,Breaks Leaks,['Breaks Leaks']
17031561100,0.0,45.0,0.0,0.0,8.0,1.0,Breaks Leaks,['Breaks Leaks']
17031570100,0.0,12.0,0.0,0.0,2.0,0.0,Breaks Leaks,['Breaks Leaks']
17031570200,0.0,8.0,0.0,0.0,4.0,0.0,Breaks Leaks,['Breaks Leaks']
17031570300,0.0,17.0,0.0,1.0,10.0,0.0,Breaks Leaks,['Breaks Leaks']
17031570400,0.0,12.0,0.0,0.0,2.0,0.0,Breaks Leaks,['Breaks Leaks']
17031570500,0.0,9.0,0.0,0.0,3.0,0.0,Breaks Leaks,['Breaks Leaks']
17031580100,0.0,11.0,15.0,1.0,3.0,0.0,CIP Sewer and Water Main,['CIP Sewer and Water Main']
17031580200,0.0,10.0,0.0,0.0,5.0,0.0,Breaks Leaks,['Breaks Leaks']
17031580300,0.0,10.0,0.0,0.0,3.0,1.0,Breaks Leaks,['Breaks Leaks']
17031580400,0.0,12.0,0.0,0.0,5.0,0.0,Breaks Leaks,['Breaks Leaks']
17031580501,0.0,27.0,0.0,0.0,6.0,0.0,Breaks Leaks,['Breaks Leaks']
17031580502,0.0,20.0,0.0,0.0,6.0,0.0,Breaks Leaks,['Breaks Leaks']
17031580600,0.0,16.0,0.0,0.0,7.0,0.0,Breaks Leaks,['Breaks Leaks']
17031580700,0.0,21.0,0.0,0.0,3.0,0.0,Breaks Leaks,['Breaks Leaks']
17031580800,0.0,8.0,0.0,0.0,1.0,0.0,Breaks Leaks,['Breaks Leaks']
17031590500,0.0,10.0,0.0,0.0,5.0,2.0,Breaks Leaks,['Breaks Leaks']
17031590600,0.0,14.0,0.0,0.0,4.0,1.0,Breaks Leaks,['Breaks Leaks']
17031590700,0.0,10.0,0.0,0.0,2.0,2.0,Breaks Leaks,['Breaks Leaks']
17031600400,61.0,12.0,0.0,0.0,4.0,1.0,Block Level LSLR,['Block Level LSLR']
17031600600,0.0,17.0,0.0,0.0,3.0,0.0,Breaks Leaks,['Breaks Leaks']
17031600700,0.0,9.0,0.0,0.0,1.0,2.0,Breaks Leaks,['Breaks Leaks']
17031600900,0.0,8.0,0.0,0.0,1.0,0.0,Breaks Leaks,['Breaks Leaks']
17031610300,0.0,19.0,0.0,0.0,2.0,0.0,Breaks Leaks,['Breaks Leaks']
17031610400,0.0,3.0,0.0,0.0,0.0,1.0,Breaks Leaks,['Breaks Leaks']
17031610800,0.0,5.0,0.0,0.0,2.0,1.0,Breaks Leaks,['Breaks Leaks']
17031611200,0.0,14.0,0.0,0.0,0.0,2.0,Breaks Leaks,['Breaks Leaks']
17031611300,0.0,6.0,0.0,0.0,2.0,0.0,Breaks Leaks,['Breaks Leaks']
17031611400,0.0,5.0,0.0,0.0,5.0,1.0,Breaks Leaks,"['Breaks Leaks', 'Equity']"
17031611500,0.0,6.0,0.0,0.0,1.0,0.0,Breaks Leaks,['Breaks Leaks']
17031611600,0.0,10.0,0.0,0.0,2.0,0.0,Breaks Leaks,['Breaks Leaks']
17031611700,0.0,4.0,0.0,1.0,0.0,0.0,Breaks Leaks,['Breaks Leaks']
17031611800,0.0,11.0,0.0,0.0,1.0,0.0,Breaks Leaks,['Breaks Leaks']
17031611900,0.0,15.0,0.0,1.0,1.0,0.0,Breaks Leaks,['Breaks Leaks']
17031612000,0.0,14.0,0.0,0.0,2.0,0.0,Breaks Leaks,['Breaks Leaks']
17031612100,0.0,5.0,0.0,0.0,1.0,0.0,Breaks Leaks,['Breaks Leaks']
17031612200,0.0,15.0,0.0,0.0,1.0,0.0,Breaks Leaks,['Breaks Leaks']
17031620100,0.0,18.0,0.0,0.0,6.0,2.0,Breaks Leaks,['Breaks Leaks']
17031620200,0.0,13.0,0.0,0.0,7.0,0.0,Breaks Leaks,['Breaks Leaks']
17031620300,0.0,28.0,0.0,2.0,8.0,1.0,Breaks Leaks,['Breaks Leaks']
17031620400,0.0,34.0,0.0,0.0,6.0,0.0,Breaks Leaks,['Breaks Leaks']
17031630300,0.0,21.0,0.0,0.0,4.0,0.0,Breaks Leaks,['Breaks Leaks']
17031630400,0.0,29.0,0.0,0.0,4.0,0.0,Breaks Leaks,['Breaks Leaks']
17031630500,0.0,12.0,7.0,4.0,2.0,0.0,Breaks Leaks,['Breaks Leaks']
17031630600,0.0,13.0,0.0,0.0,2.0,1.0,Breaks Leaks,['Breaks Leaks']
17031630800,0.0,29.0,0.0,0.0,5.0,0.0,Breaks Leaks,['Breaks Leaks']
17031630900,0.0,30.0,0.0,0.0,3.0,0.0,Breaks Leaks,['Breaks Leaks']
17031640100,0.0,7.0,0.0,0.0,4.0,0.0,Breaks Leaks,['Breaks Leaks']
17031640300,0.0,40.0,0.0,0.0,7.0,0.0,Breaks Leaks,['Breaks Leaks']
17031640400,0.0,20.0,0.0,0.0,7.0,0.0,Breaks Leaks,['Breaks Leaks']
17031640500,0.0,18.0,0.0,0.0,1.0,0.0,Breaks Leaks,['Breaks Leaks']
17031640600,0.0,11.0,0.0,0.0,6.0,0.0,Breaks Leaks,['Breaks Leaks']
17031640700,0.0,13.0,0.0,0.0,4.0,0.0,Breaks Leaks,['Breaks Leaks']
17031640800,0.0,10.0,0.0,1.0,2.0,0.0,Breaks Leaks,['Breaks Leaks']
17031650100,0.0,20.0,0.0,0.0,2.0,0.0,Breaks Leaks,['Breaks Leaks']
17031650200,0.0,34.0,0.0,1.0,5.0,0.0,Breaks Leaks,['Breaks Leaks']
17031650301,0.0,27.0,0.0,0.0,5.0,0.0,Breaks Leaks,['Breaks Leaks']
17031650302,0.0,23.0,0.0,0.0,2.0,0.0,Breaks Leaks,['Breaks Leaks']
17031650400,0.0,23.0,0.0,0.0,8.0,0.0,Breaks Leaks,['Breaks Leaks']
17031650500,0.0,15.0,0.0,0.0,5.0,0.0,Breaks Leaks,['Breaks Leaks']
17031660301,0.0,7.0,0.0,0.0,0.0,0.0,Breaks Leaks,['Breaks Leaks']
17031660302,0.0,17.0,0.0,0.0,3.0,0.0,Breaks Leaks,['Breaks Leaks']
17031660400,0.0,28.0,0.0,0.0,2.0,0.0,Breaks Leaks,['Breaks Leaks']
17031660500,0.0,16.0,0.0,0.0,0.0,0.0,Breaks Leaks,['Breaks Leaks']
17031660600,0.0,34.0,0.0,0.0,6.0,2.0,Breaks Leaks,['Breaks Leaks']
17031660700,0.0,18.0,1.0,1.0,4.0,1.0,Breaks Leaks,['Breaks Leaks']
17031660800,0.0,32.0,0.0,1.0,5.0,0.0,Breaks Leaks,['Breaks Leaks']
17031660900,0.0,25.0,0.0,1.0,3.0,1.0,Breaks Leaks,['Breaks Leaks']
17031661000,0.0,31.0,0.0,1.0,14.0,0.0,Breaks Leaks,['Breaks Leaks']
17031661100,0.0,38.0,0.0,1.0,11.0,0.0,Breaks Leaks,['Breaks Leaks']
17031670100,0.0,10.0,0.0,2.0,2.0,0.0,Breaks Leaks,['Breaks Leaks']
17031670200,0.0,9.0,0.0,0.0,0.0,0.0,Breaks Leaks,['Breaks Leaks']
17031670300,0.0,8.0,0.0,0.0,3.0,0.0,Breaks Leaks,['Breaks Leaks']
17031670400,0.0,16.0,0.0,0.0,2.0,0.0,Breaks Leaks,['Breaks Leaks']
17031670500,0.0,8.0,0.0,1.0,7.0,0.0,Breaks Leaks,['Breaks Leaks']
17031670600,0.0,6.0,0.0,0.0,3.0,1.0,Breaks Leaks,['Breaks Leaks']
17031670700,0.0,7.0,0.0,0.0,0.0,0.0,Breaks Leaks,['Breaks Leaks']
17031670800,0.0,13.0,1.0,1.0,4.0,0.0,Breaks Leaks,['Breaks Leaks']
17031670900,0.0,9.0,0.0,0.0,2.0,0.0,Breaks Leaks,['Breaks Leaks']
17031671100,0.0,4.0,0.0,2.0,0.0,0.0,Breaks Leaks,['Breaks Leaks']
17031671200,31.0,9.0,0.0,0.0,1.0,0.0,Block Level LSLR,['Block Level LSLR']
17031671300,0.0,19.0,0.0,1.0,1.0,0.0,Breaks Leaks,['Breaks Leaks']
17031671400,0.0,16.0,0.0,0.0,3.0,1.0,Breaks Leaks,['Breaks Leaks']
17031671500,0.0,25.0,0.0,6.0,4.0,2.0,Breaks Leaks,['Breaks Leaks']
17031671600,0.0,13.0,0.0,1.0,4.0,0.0,Breaks Leaks,['Breaks Leaks']
17031671800,0.0,13.0,0.0,2.0,7.0,0.0,Breaks Leaks,['Breaks Leaks']
17031671900,0.0,11.0,0.0,0.0,4.0,0.0,Breaks Leaks,['Breaks Leaks']
17031672000,0.0,14.0,0.0,5.0,12.0,0.0,Breaks Leaks,['Breaks Leaks']
17031680500,0.0,9.0,39.0,0.0,5.0,0.0,CIP Sewer and Water Main,['CIP Sewer and Water Main']
17031680600,0.0,11.0,1.0,0.0,2.0,0.0,Breaks Leaks,['Breaks Leaks']
17031680900,0.0,10.0,0.0,0.0,0.0,0.0,Breaks Leaks,['Breaks Leaks']
17031681000,0.0,15.0,0.0,2.0,3.0,1.0,Breaks Leaks,['Breaks Leaks']
17031681100,0.0,18.0,0.0,2.0,3.0,0.0,Breaks Leaks,['Breaks Leaks']
17031681200,0.0,14.0,0.0,1.0,3.0,1.0,Breaks Leaks,['Breaks Leaks']
17031681300,0.0,8.0,0.0,2.0,2.0,2.0,Breaks Leaks,['Breaks Leaks']
17031681400,0.0,30.0,0.0,2.0,2.0,0.0,Breaks Leaks,['Breaks Leaks']
17031690300,0.0,4.0,0.0,0.0,0.0,0.0,Breaks Leaks,['Breaks Leaks']
17031690400,0.0,11.0,0.0,1.0,8.0,0.0,Breaks Leaks,['Breaks Leaks']
17031690500,28.0,3.0,0.0,0.0,2.0,0.0,Block Level LSLR,['Block Level LSLR']
17031690900,0.0,27.0,0.0,2.0,2.0,1.0,Breaks Leaks,['Breaks Leaks']
17031691000,0.0,17.0,0.0,3.0,6.0,1.0,Breaks Leaks,['Breaks Leaks']
17031691100,0.0,13.0,0.0,1.0,2.0,0.0,Breaks Leaks,['Breaks Leaks']
17031691200,0.0,8.0,0.0,0.0,7.0,1.0,Breaks Leaks,['Breaks Leaks']
17031691300,0.0,13.0,0.0,1.0,5.0,0.0,Breaks Leaks,['Breaks Leaks']
17031691400,0.0,25.0,0.0,2.0,11.0,1.0,Breaks Leaks,['Breaks Leaks']
17031691500,0.0,11.0,0.0,1.0,4.0,0.0,Breaks Leaks,['Breaks Leaks']
17031700100,0.0,13.0,0.0,3.0,10.0,0.0,Breaks Leaks,['Breaks Leaks']
17031700200,0.0,25.0,0.0,0.0,10.0,0.0,Breaks Leaks,['Breaks Leaks']
17031700301,0.0,20.0,0.0,0.0,8.0,0.0,Breaks Leaks,['Breaks Leaks']
17031700302,0.0,30.0,0.0,0.0,7.0,0.0,Breaks Leaks,['Breaks Leaks']
17031700401,0.0,34.0,1.0,1.0,14.0,0.0,Breaks Leaks,['Breaks Leaks']
17031700402,0.0,23.0,0.0,0.0,4.0,0.0,Breaks Leaks,['Breaks Leaks']
17031700501,0.0,39.0,0.0,8.0,11.0,0.0,Breaks Leaks,['Breaks Leaks']
17031700502,0.0,7.0,0.0,2.0,3.0,0.0,Breaks Leaks,['Breaks Leaks']
17031710100,0.0,11.0,0.0,0.0,1.0,0.0,Breaks Leaks,['Breaks Leaks']
17031710200,0.0,19.0,0.0,1.0,2.0,0.0,Breaks Leaks,['Breaks Leaks']
17031710300,0.0,8.0,0.0,0.0,2.0,0.0,Breaks Leaks,['Breaks Leaks']
17031710400,16.0,35.0,0.0,3.0,14.0,0.0,Breaks Leaks,['Breaks Leaks']
17031710500,0.0,12.0,0.0,2.0,2.0,1.0,Breaks Leaks,['Breaks Leaks']
17031710600,0.0,6.0,0.0,2.0,2.0,0.0,Breaks Leaks,['Breaks Leaks']
17031710700,0.0,18.0,0.0,3.0,6.0,0.0,Breaks Leaks,['Breaks Leaks']
17031710800,0.0,28.0,128.0,3.0,3.0,0.0,CIP Sewer and Water Main,['CIP Sewer and Water Main']
17031710900,0.0,10.0,0.0,2.0,2.0,0.0,Breaks Leaks,['Breaks Leaks']
17031711000,0.0,16.0,0.0,0.0,7.0,2.0,Breaks Leaks,['Breaks Leaks']
17031711100,0.0,20.0,0.0,2.0,7.0,0.0,Breaks Leaks,['Breaks Leaks']
17031711200,0.0,23.0,134.0,6.0,11.0,1.0,CIP Sewer and Water Main,['CIP Sewer and Water Main']
17031711300,0.0,11.0,0.0,1.0,4.0,0.0,Breaks Leaks,['Breaks Leaks']
17031711400,0.0,16.0,0.0,3.0,5.0,0.0,Breaks Leaks,['Breaks Leaks']
17031711500,0.0,13.0,11.0,1.0,6.0,1.0,Breaks Leaks,['Breaks Leaks']
17031720100,0.0,22.0,0.0,0.0,4.0,1.0,Breaks Leaks,['Breaks Leaks']
17031720200,0.0,35.0,0.0,3.0,4.0,1.0,Breaks Leaks,['Breaks Leaks']
17031720300,0.0,22.0,0.0,0.0,3.0,0.0,Breaks Leaks,['Breaks Leaks']
17031720400,0.0,16.0,0.0,0.0,1.0,0.0,Breaks Leaks,['Breaks Leaks']
17031720500,0.0,21.0,1.0,0.0,1.0,0.0,Breaks Leaks,['Breaks Leaks']
17031720600,0.0,10.0,0.0,1.0,0.0,0.0,Breaks Leaks,['Breaks Leaks']
17031720700,0.0,13.0,0.0,0.0,5.0,1.0,Breaks Leaks,['Breaks Leaks']
17031730100,0.0,13.0,0.0,1.0,12.0,0.0,Breaks Leaks,['Breaks Leaks']
17031730201,0.0,30.0,0.0,1.0,8.0,0.0,Breaks Leaks,['Breaks Leaks']
17031730202,0.0,21.0,0.0,0.0,14.0,0.0,Breaks Leaks,['Breaks Leaks']
17031730300,0.0,4.0,0.0,0.0,3.0,0.0,Breaks Leaks,['Breaks Leaks']
17031730400,0.0,24.0,0.0,2.0,5.0,1.0,Breaks Leaks,['Breaks Leaks']
17031730500,0.0,38.0,0.0,3.0,23.0,0.0,Breaks Leaks,['Breaks Leaks']
17031730600,0.0,30.0,0.0,1.0,9.0,1.0,Breaks Leaks,['Breaks Leaks']
17031730700,0.0,13.0,0.0,1.0,6.0,0.0,Breaks Leaks,['Breaks Leaks']
17031740100,0.0,22.0,0.0,0.0,2.0,0.0,Breaks Leaks,['Breaks Leaks']
17031740200,0.0,10.0,0.0,0.0,2.0,0.0,Breaks Leaks,['Breaks Leaks']
17031740300,0.0,23.0,0.0,0.0,4.0,0.0,Breaks Leaks,['Breaks Leaks']
17031740400,0.0,22.0,0.0,0.0,5.0,0.0,Breaks Leaks,['Breaks Leaks']
17031750100,0.0,16.0,0.0,2.0,8.0,0.0,Breaks Leaks,['Breaks Leaks']
17031750200,0.0,29.0,24.0,0.0,3.0,0.0,Breaks Leaks,['Breaks Leaks']
17031750300,0.0,19.0,0.0,0.0,1.0,0.0,Breaks Leaks,['Breaks Leaks']
17031750400,0.0,21.0,0.0,1.0,3.0,0.0,Breaks Leaks,['Breaks Leaks']
17031750500,0.0,24.0,40.0,2.0,18.0,2.0,CIP Sewer and Water Main,['CIP Sewer and Water Main']
17031750600,0.0,21.0,59.0,3.0,8.0,0.0,CIP Sewer and Water Main,['CIP Sewer and Water Main']
17031760801,0.0,2.0,0.0,0.0,0.0,0.0,Breaks Leaks,['Breaks Leaks']
17031760802,0.0,1.0,0.0,0.0,1.0,0.0,Breaks Leaks,"['Breaks Leaks', 'Equity']"
17031760803,0.0,5.0,0.0,0.0,5.0,0.0,Breaks Leaks,"['Breaks Leaks', 'Equity']"
17031810400,0.0,1.0,0.0,0.0,1.0,0.0,Breaks Leaks,"['Breaks Leaks', 'Equity']"
17031830500,0.0,23.0,52.0,1.0,3.0,1.0,CIP Sewer and Water Main,['CIP Sewer and Water Main']
17031830600,0.0,4.0,0.0,0.0,0.0,1.0,Breaks Leaks,['Breaks Leaks']
17031830700,0.0,1.0,0.0,0.0,0.0,0.0,Breaks Leaks,['Breaks Leaks']
17031830800,0.0,6.0,2.0,0.0,0.0,2.0,Breaks Leaks,['Breaks Leaks']
17031830900,0.0,9.0,0.0,0.0,1.0,4.0,Breaks Leaks,['Breaks Leaks']
17031831000,0.0,3.0,0.0,0.0,0.0,2.0,Breaks Leaks,['Breaks Leaks']
17031831100,0.0,30.0,0.0,0.0,4.0,8.0,Breaks Leaks,['Breaks Leaks']
17031831200,0.0,11.0,0.0,0.0,5.0,2.0,Breaks Leaks,['Breaks Leaks']
17031831300,0.0,6.0,0.0,0.0,3.0,0.0,Breaks Leaks,['Breaks Leaks']
17031831400,0.0,19.0,0.0,2.0,5.0,0.0,Breaks Leaks,['Breaks Leaks']
17031831500,0.0,16.0,0.0,0.0,1.0,0.0,Breaks Leaks,['Breaks Leaks']
17031831600,0.0,24.0,55.0,0.0,4.0,1.0,CIP Sewer and Water Main,['CIP Sewer and Water Main']
17031831700,0.0,5.0,0.0,0.0,2.0,1.0,Breaks Leaks,['Breaks Leaks']
17031831800,0.0,37.0,0.0,0.0,6.0,6.0,Breaks Leaks,['Breaks Leaks']
17031831900,0.0,1.0,0.0,0.0,0.0,4.0,Homeowner Initiated,['Homeowner Initiated']
17031832000,0.0,1.0,0.0,0.0,0.0,2.0,Homeowner Initiated,['Homeowner Initiated']
17031832100,0.0,2.0,0.0,0.0,0.0,2.0,Breaks Leaks,"['Breaks Leaks', 'Homeowner Initiated']"
17031832200,0.0,11.0,0.0,0.0,1.0,5.0,Breaks Leaks,['Breaks Leaks']
17031832300,0.0,1.0,0.0,0.0,0.0,1.0,Breaks Leaks,"['Breaks Leaks', 'Homeowner Initiated']"
17031832400,0.0,6.0,0.0,0.0,1.0,8.0,Homeowner Initiated,['Homeowner Initiated']
17031832500,0.0,5.0,0.0,0.0,0.0,3.0,Breaks Leaks,['Breaks Leaks']
17031832600,0.0,4.0,0.0,0.0,0.0,7.0,Homeowner Initiated,['Homeowner Initiated']
17031832900,0.0,2.0,0.0,0.0,0.0,1.0,Breaks Leaks,['Breaks Leaks']
17031833000,0.0,1.0,0.0,0.0,0.0,0.0,Breaks Leaks,['Breaks Leaks']
17031833100,0.0,1.0,0.0,0.0,1.0,0.0,Breaks Leaks,"['Breaks Leaks', 'Equity']"
17031833300,0.0,2.0,0.0,0.0,2.0,2.0,Breaks Leaks,"['Breaks Leaks', 'Equity', 'Homeowner Initiated']"
17031833900,0.0,8.0,0.0,1.0,1.0,0.0,Breaks Leaks,['Breaks Leaks']
17031834000,0.0,5.0,7.0,0.0,2.0,0.0,CIP Sewer and Water Main,['CIP Sewer and Water Main']
17031834200,0.0,23.0,3.0,2.0,6.0,2.0,Breaks Leaks,['Breaks Leaks']
17031834300,0.0,29.0,0.0,3.0,25.0,2.0,Breaks Leaks,['Breaks Leaks']
17031834400,0.0,7.0,0.0,0.0,0.0,1.0,Breaks Leaks,['Breaks Leaks']
17031834500,0.0,4.0,4.0,0.0,0.0,0.0,Breaks Leaks,"['Breaks Leaks', 'CIP Sewer and Water Main']"
17031834600,0.0,15.0,0.0,1.0,1.0,0.0,Breaks Leaks,['Breaks Leaks']
17031834700,0.0,17.0,2.0,1.0,6.0,1.0,Breaks Leaks,['Breaks Leaks']
17031834800,0.0,9.0,0.0,0.0,2.0,0.0,Breaks Leaks,['Breaks Leaks']
17031834900,0.0,10.0,0.0,1.0,3.0,0.0,Breaks Leaks,['Breaks Leaks']
17031835000,26.0,26.0,0.0,0.0,4.0,1.0,Block Level LSLR,"['Block Level LSLR', 'Breaks Leaks']"
17031835100,32.0,30.0,33.0,1.0,4.0,0.0,CIP Sewer and Water Main,['CIP Sewer and Water Main']
17031835200,0.0,5.0,0.0,0.0,3.0,0.0,Breaks Leaks,['Breaks Leaks']
17031835500,0.0,1.0,0.0,0.0,1.0,1.0,Breaks Leaks,"['Breaks Leaks', 'Equity', 'Homeowner Initiated']"
17031835600,0.0,8.0,0.0,0.0,1.0,0.0,Breaks Leaks,['Breaks Leaks']
17031835800,0.0,2.0,0.0,0.0,0.0,1.0,Breaks Leaks,['Breaks Leaks']
17031836000,0.0,6.0,0.0,0.0,1.0,3.0,Breaks Leaks,['Breaks Leaks']
17031836100,0.0,3.0,0.0,0.0,0.0,1.0,Breaks Leaks,['Breaks Leaks']
17031836200,0.0,2.0,0.0,0.0,0.0,0.0,Breaks Leaks,['Breaks Leaks']
17031836300,0.0,2.0,0.0,0.0,0.0,1.0,Breaks Leaks,['Breaks Leaks']
17031836400,0.0,3.0,0.0,0.0,3.0,1.0,Breaks Leaks,"['Breaks Leaks', 'Equity']"
17031836500,0.0,2.0,0.0,0.0,0.0,0.0,Breaks Leaks,['Breaks Leaks']
17031836600,0.0,14.0,35.0,0.0,2.0,2.0,CIP Sewer and Water Main,['CIP Sewer and Water Main']
17031836700,0.0,7.0,0.0,2.0,2.0,0.0,Breaks Leaks,['Breaks Leaks']
17031836800,0.0,10.0,0.0,3.0,0.0,4.0,Breaks Leaks,['Breaks Leaks']
17031836900,0.0,2.0,0.0,1.0,1.0,0.0,Breaks Leaks,['Breaks Leaks']
17031837000,0.0,6.0,0.0,2.0,0.0,3.0,Breaks Leaks,['Breaks Leaks']
17031837100,0.0,10.0,0.0,1.0,0.0,4.0,Breaks Leaks,['Breaks Leaks']
17031837300,0.0,5.0,0.0,3.0,2.0,1.0,Breaks Leaks,['Breaks Leaks']
17031837400,0.0,6.0,9.0,0.0,0.0,2.0,CIP Sewer and Water Main,['CIP Sewer and Water Main']
17031837800,0.0,3.0,0.0,0.0,0.0,1.0,Breaks Leaks,['Breaks Leaks']
17031838000,0.0,4.0,0.0,0.0,0.0,2.0,Breaks Leaks,['Breaks Leaks']
17031838200,0.0,5.0,0.0,0.0,0.0,1.0,Breaks Leaks,['Breaks Leaks']
17031838600,0.0,5.0,0.0,0.0,0.0,2.0,Breaks Leaks,['Breaks Leaks']
17031838700,0.0,17.0,0.0,0.0,1.0,5.0,Breaks Leaks,['Breaks Leaks']
17031838800,0.0,11.0,0.0,0.0,6.0,0.0,Breaks Leaks,['Breaks Leaks']
17031839200,0.0,1.0,0.0,0.0,0.0,0.0,Breaks Leaks,['Breaks Leaks']
17031839500,0.0,1.0,0.0,0.0,0.0,1.0,Breaks Leaks,"['Breaks Leaks', 'Homeowner Initiated']"
17031839600,0.0,7.0,0.0,1.0,5.0,2.0,Breaks Leaks,['Breaks Leaks']
17031839700,0.0,13.0,0.0,0.0,10.0,1.0,Breaks Leaks,['Breaks Leaks']
17031839800,0.0,6.0,0.0,0.0,5.0,0.0,Breaks Leaks,['Breaks Leaks']
17031839900,0.0,16.0,18.0,0.0,7.0,3.0,CIP Sewer and Water Main,['CIP Sewer and Water Main']
17031840000,0.0,12.0,24.0,0.0,2.0,1.0,CIP Sewer and Water Main,['CIP Sewer and Water Main']
17031840100,29.0,5.0,0.0,0.0,5.0,0.0,Block Level LSLR,['Block Level LSLR']
17031840200,0.0,5.0,0.0,0.0,0.0,2.0,Breaks Leaks,['Breaks Leaks']
17031840300,0.0,9.0,49.0,0.0,7.0,0.0,CIP Sewer and Water Main,['CIP Sewer and Water Main']
17031840400,0.0,7.0,0.0,1.0,12.0,0.0,Equity,['Equity']
17031840700,0.0,8.0,0.0,1.0,1.0,2.0,Breaks Leaks,['Breaks Leaks']
17031840800,0.0,17.0,0.0,0.0,2.0,0.0,Breaks Leaks,['Breaks Leaks']
17031841000,0.0,0.0,0.0,0.0,0.0,1.0,Homeowner Initiated,['Homeowner Initiated']
17031841100,0.0,10.0,0.0,0.0,2.0,2.0,Breaks Leaks,['Breaks Leaks']
17031841200,0.0,13.0,0.0,1.0,1.0,5.0,Breaks Leaks,['Breaks Leaks']
17031841300,0.0,30.0,0.0,0.0,2.0,0.0,Breaks Leaks,['Breaks Leaks']
17031841500,0.0,10.0,0.0,0.0,0.0,4.0,Breaks Leaks,['Breaks Leaks']
17031841700,0.0,8.0,22.0,0.0,0.0,2.0,CIP Sewer and Water Main,['CIP Sewer and Water Main']
17031841800,0.0,14.0,0.0,2.0,4.0,0.0,Breaks Leaks,['Breaks Leaks']
17031842000,0.0,1.0,0.0,0.0,0.0,0.0,Breaks Leaks,['Breaks Leaks']
17031842100,0.0,25.0,0.0,1.0,3.0,0.0,Breaks Leaks,['Breaks Leaks']
17031842300,0.0,5.0,0.0,0.0,0.0,0.0,Breaks Leaks,['Breaks Leaks']
17031842400,0.0,17.0,29.0,4.0,14.0,0.0,CIP Sewer and Water Main,['CIP Sewer and Water Main']
17031842500,0.0,4.0,0.0,0.0,0.0,0.0,Breaks Leaks,['Breaks Leaks']
17031842600,0.0,27.0,1.0,0.0,2.0,1.0,Breaks Leaks,['Breaks Leaks']
17031842800,0.0,27.0,0.0,0.0,3.0,0.0,Breaks Leaks,['Breaks Leaks']
17031842900,0.0,1.0,0.0,0.0,0.0,0.0,Breaks Leaks,['Breaks Leaks']
17031843000,0.0,7.0,13.0,0.0,1.0,0.0,CIP Sewer and Water Main,['CIP Sewer and Water Main']
17031843100,0.0,10.0,0.0,0.0,0.0,0.0,Breaks Leaks,['Breaks Leaks']
17031843200,0.0,13.0,0.0,0.0,4.0,4.0,Breaks Leaks,['Breaks Leaks']
17031843300,0.0,1.0,0.0,1.0,1.0,1.0,Breaks Leaks,"['Breaks Leaks', 'Daycare', 'Equity', 'Homeowner Initiated']"
17031843400,0.0,11.0,0.0,2.0,2.0,0.0,Breaks Leaks,['Breaks Leaks']
17031843500,0.0,6.0,0.0,0.0,0.0,0.0,Breaks Leaks,['Breaks Leaks']
17031843600,0.0,0.0,1.0,0.0,1.0,1.0,CIP Sewer and Water Main,"['CIP Sewer and Water Main', 'Equity', 'Homeowner Initiated']"
17031843700,0.0,3.0,7.0,0.0,0.0,7.0,CIP Sewer and Water Main,"['CIP Sewer and Water Main', 'Homeowner Initiated']"
17031843800,0.0,14.0,0.0,0.0,1.0,0.0,Breaks Leaks,['Breaks Leaks']
17031843900,0.0,3.0,0.0,1.0,0.0,0.0,Breaks Leaks,['Breaks Leaks']
17031844600,0.0,1.0,0.0,0.0,0.0,3.0,Homeowner Initiated,['Homeowner Initiated']
17031844700,0.0,20.0,29.0,0.0,4.0,2.0,CIP Sewer and Water Main,['CIP Sewer and Water Main']
0,0.0,0.0,0.0,0.0,0.0,1.0,Homeowner Initiated,['Homeowner Initiated']
