LSLR Program,Public or Consumer,Work Address,Status,ZIP,Ward,Date Completed,completed_year,completed_month_year,completed_day
Block Level LSLR,CONSUMER,1037 N DRAKE AVE,In Progress,60651,36,,,,
Block Level LSLR,CONSUMER,1633 43 W 76TH ST,In Progress-New Record,60620,17,,,,
Block Level LSLR,PUBLIC,1633 43 W 76TH ST,In Progress-New Record,60620,17,,,,
Block Level LSLR,CONSUMER,2300 W 59TH ST,Completed,60636,16,2025-12-03 00:00:00,2025.0,12/2025,12-03
Block Level LSLR,PUBLIC,2300 W 59TH ST,Completed,60636,16,2025-09-25 11:40:00,2025.0,09/2025,09-25
Block Level LSLR,PUBLIC,2301 W GARFIELD BLVD,Completed,60636,15,2025-09-25 13:54:00,2025.0,09/2025,09-25
Block Level LSLR,CONSUMER,2301 W GARFIELD BLVD,In Progress,60636,15,,,,
Block Level LSLR,CONSUMER,2404 E 74TH ST,In Progress-New Record,60649,7,,,,
Block Level LSLR,PUBLIC,2404 E 74TH ST,In Progress-New Record,60649,7,,,,
Block Level LSLR,CONSUMER,2408 E 74TH ST,In Progress-New Record,60649,7,,,,
Block Level LSLR,PUBLIC,2408 E 74TH ST,In Progress-New Record,60649,7,,,,
Block Level LSLR,CONSUMER,2412 E 74TH ST,In Progress-New Record,60649,7,,,,
Block Level LSLR,PUBLIC,2412 E 74TH ST,In Progress-New Record,60649,7,,,,
Block Level LSLR,CONSUMER,2415 E 74TH ST,In Progress-New Record,60649,7,,,,
Block Level LSLR,PUBLIC,2415 E 74TH ST,In Progress-New Record,60649,7,,,,
Block Level LSLR,CONSUMER,2416 E 74TH ST,In Progress-New Record,60649,7,,,,
Block Level LSLR,PUBLIC,2416 E 74TH ST,In Progress-New Record,60649,7,,,,
Block Level LSLR,CONSUMER,2419 E 74TH ST,In Progress-New Record,60649,7,,,,
Block Level LSLR,PUBLIC,2419 E 74TH ST,In Progress-New Record,60649,7,,,,
Block Level LSLR,CONSUMER,2430 40 W 60TH ST,In Progress-New Record,60629,16,,,,
Block Level LSLR,PUBLIC,2430 40 W 60TH ST,In Progress-New Record,60629,16,,,,
Block Level LSLR,CONSUMER,2434 E 75TH ST,In Progress-New Record,60649,7,,,,
Block Level LSLR,PUBLIC,2434 E 75TH ST,In Progress-New Record,60649,7,,,,
Block Level LSLR,CONSUMER,2444 E 74TH ST,In Progress-New Record,60649,7,,,,
Block Level LSLR,PUBLIC,2444 E 74TH ST,In Progress-New Record,60649,7,,,,
Block Level LSLR,CONSUMER,2445 E 73RD ST,In Progress-New Record,60649,7,,,,
Block Level LSLR,PUBLIC,2445 E 73RD ST,In Progress-New Record,60649,7,,,,
Block Level LSLR,CONSUMER,2446 E 74TH ST,In Progress-New Record,60649,7,,,,
Block Level LSLR,PUBLIC,2446 E 74TH ST,In Progress-New Record,60649,7,,,,
Block Level LSLR,CONSUMER,2447 E 74TH ST,In Progress-New Record,60649,7,,,,
Block Level LSLR,PUBLIC,2447 E 74TH ST,In Progress-New Record,60649,7,,,,
Block Level LSLR,CONSUMER,2448 E 74TH ST,In Progress-New Record,60649,7,,,,
Block Level LSLR,PUBLIC,2448 E 74TH ST,In Progress-New Record,60649,7,,,,
Block Level LSLR,CONSUMER,2449 E 74TH ST,In Progress-New Record,60649,7,,,,
Block Level LSLR,PUBLIC,2449 E 74TH ST,In Progress-New Record,60649,7,,,,
Block Level LSLR,CONSUMER,2450 E 74TH ST,In Progress-New Record,60649,7,,,,
Block Level LSLR,PUBLIC,2450 E 74TH ST,In Progress-New Record,60649,7,,,,
Block Level LSLR,CONSUMER,2451 E 74TH ST,In Progress-New Record,60649,7,,,,
Block Level LSLR,PUBLIC,2451 E 74TH ST,In Progress-New Record,60649,7,,,,
Block Level LSLR,CONSUMER,2452 E 74TH ST,In Progress-New Record,60649,7,,,,
Block Level LSLR,PUBLIC,2452 E 74TH ST,In Progress-New Record,60649,7,,,,
Block Level LSLR,CONSUMER,2454 E 74TH ST,In Progress-New Record,60649,7,,,,
Block Level LSLR,PUBLIC,2454 E 74TH ST,In Progress-New Record,60649,7,,,,
Block Level LSLR,CONSUMER,2456 E 74TH ST,In Progress-New Record,60649,7,,,,
Block Level LSLR,PUBLIC,2456 E 74TH ST,In Progress-New Record,60649,7,,,,
Block Level LSLR,CONSUMER,2457 E 74TH ST,In Progress-New Record,60649,7,,,,
Block Level LSLR,PUBLIC,2457 E 74TH ST,In Progress-New Record,60649,7,,,,
Block Level LSLR,CONSUMER,2458 E 74TH ST,In Progress-New Record,60649,7,,,,
Block Level LSLR,PUBLIC,2458 E 74TH ST,In Progress-New Record,60649,7,,,,
Block Level LSLR,CONSUMER,2459 E 74TH ST,In Progress-New Record,60649,7,,,,
Block Level LSLR,PUBLIC,2459 E 74TH ST,In Progress-New Record,60649,7,,,,
Block Level LSLR,CONSUMER,2460 E 74TH ST,In Progress-New Record,60649,7,,,,
Block Level LSLR,PUBLIC,2460 E 74TH ST,In Progress-New Record,60649,7,,,,
Block Level LSLR,CONSUMER,2461 63 E 74TH ST,In Progress-New Record,60649,7,,,,
Block Level LSLR,PUBLIC,2461 63 E 74TH ST,In Progress-New Record,60649,7,,,,
Block Level LSLR,CONSUMER,2462 E 74TH ST,In Progress-New Record,60649,7,,,,
Block Level LSLR,PUBLIC,2462 E 74TH ST,In Progress-New Record,60649,7,,,,
Block Level LSLR,CONSUMER,2465 E 74TH ST,In Progress-New Record,60649,7,,,,
Block Level LSLR,PUBLIC,2465 E 74TH ST,In Progress-New Record,60649,7,,,,
Block Level LSLR,CONSUMER,2466 E 74TH ST,In Progress-New Record,60649,7,,,,
Block Level LSLR,PUBLIC,2466 E 74TH ST,In Progress-New Record,60649,7,,,,
Block Level LSLR,CONSUMER,2471 E 74TH ST,In Progress-New Record,60649,7,,,,
Block Level LSLR,PUBLIC,2471 E 74TH ST,In Progress-New Record,60649,7,,,,
Block Level LSLR,CONSUMER,2472 E 74TH ST,In Progress-New Record,60649,7,,,,
Block Level LSLR,PUBLIC,2472 E 74TH ST,In Progress-New Record,60649,7,,,,
Block Level LSLR,CONSUMER,2475 E 74TH ST,In Progress-New Record,60649,7,,,,
Block Level LSLR,PUBLIC,2475 E 74TH ST,In Progress-New Record,60649,7,,,,
Block Level LSLR,CONSUMER,2477 E 74TH ST,In Progress-New Record,60649,7,,,,
Block Level LSLR,PUBLIC,2477 E 74TH ST,In Progress-New Record,60649,7,,,,
Block Level LSLR,CONSUMER,2481 E 74TH ST,In Progress-New Record,60649,7,,,,
Block Level LSLR,PUBLIC,2481 E 74TH ST,In Progress-New Record,60649,7,,,,
Block Level LSLR,CONSUMER,2500 10 W 60TH ST,Completed,60629,16,2025-12-19 00:00:00,2025.0,12/2025,12-19
Block Level LSLR,PUBLIC,2500 10 W 60TH ST,Completed,60629,16,2025-12-19 00:00:00,2025.0,12/2025,12-19
Block Level LSLR,CONSUMER,2501 09 E 73RD ST,In Progress-New Record,60649,7,,,,
Block Level LSLR,PUBLIC,2501 09 E 73RD ST,In Progress-New Record,60649,7,,,,
Block Level LSLR,CONSUMER,2501 W 59TH ST,Completed,60629,16,2025-12-09 00:00:00,2025.0,12/2025,12-09
Block Level LSLR,PUBLIC,2501 W 59TH ST,Completed,60629,16,2025-12-09 00:00:00,2025.0,12/2025,12-09
Block Level LSLR,PUBLIC,3006 S UNION AVE,In Progress,60616,11,,,,
Block Level LSLR,CONSUMER,3010 S UNION AVE,Completed,60616,11,2025-10-14 00:00:00,2025.0,10/2025,10-14
Block Level LSLR,PUBLIC,3010 S UNION AVE,Completed,60616,11,2025-10-14 00:00:00,2025.0,10/2025,10-14
Block Level LSLR,CONSUMER,3011 S UNION AVE,Completed,60616,11,2025-10-14 00:00:00,2025.0,10/2025,10-14
Block Level LSLR,PUBLIC,3011 S UNION AVE,Completed,60616,11,2025-10-14 00:00:00,2025.0,10/2025,10-14
Block Level LSLR,CONSUMER,3022 S UNION AVE,Completed,60616,11,2025-10-20 00:00:00,2025.0,10/2025,10-20
Block Level LSLR,PUBLIC,3022 S UNION AVE,Completed,60616,11,2025-10-20 00:00:00,2025.0,10/2025,10-20
Block Level LSLR,CONSUMER,3023 S UNION AVE,Completed,60616,11,2025-10-20 00:00:00,2025.0,10/2025,10-20
Block Level LSLR,PUBLIC,3023 S UNION AVE,Completed,60616,11,2025-10-20 00:00:00,2025.0,10/2025,10-20
Block Level LSLR,CONSUMER,3026 S UNION AVE,Completed,60616,11,2025-10-20 00:00:00,2025.0,10/2025,10-20
Block Level LSLR,PUBLIC,3026 S UNION AVE,Completed,60616,11,2025-10-20 00:00:00,2025.0,10/2025,10-20
Block Level LSLR,CONSUMER,3027 S UNION AVE,Completed,60616,11,2025-10-20 00:00:00,2025.0,10/2025,10-20
Block Level LSLR,PUBLIC,3027 S UNION AVE,Completed,60616,11,2025-10-20 00:00:00,2025.0,10/2025,10-20
Block Level LSLR,CONSUMER,3028 S UNION AVE,Completed,60616,11,2025-10-15 00:00:00,2025.0,10/2025,10-15
Block Level LSLR,PUBLIC,3028 S UNION AVE,Completed,60616,11,2025-10-15 00:00:00,2025.0,10/2025,10-15
Block Level LSLR,CONSUMER,3029 S UNION AVE,Completed,60616,11,2025-10-15 00:00:00,2025.0,10/2025,10-15
Block Level LSLR,PUBLIC,3029 S UNION AVE,Completed,60616,11,2025-10-15 00:00:00,2025.0,10/2025,10-15
Block Level LSLR,PUBLIC,3030 S NORMAL AVE,In Progress,60616,11,,,,
Block Level LSLR,CONSUMER,3039 S UNION AVE,Completed,60616,11,2025-10-17 00:00:00,2025.0,10/2025,10-17
Block Level LSLR,PUBLIC,3039 S UNION AVE,Completed,60616,11,2025-10-17 00:00:00,2025.0,10/2025,10-17
Block Level LSLR,CONSUMER,3042 S UNION AVE,Completed,60616,11,2025-10-17 00:00:00,2025.0,10/2025,10-17
Block Level LSLR,PUBLIC,3042 S UNION AVE,Completed,60616,11,2025-10-16 00:00:00,2025.0,10/2025,10-16
Block Level LSLR,CONSUMER,3043 S UNION AVE,Completed,60616,11,2025-10-16 00:00:00,2025.0,10/2025,10-16
Block Level LSLR,PUBLIC,3043 S UNION AVE,Completed,60616,11,2025-10-17 00:00:00,2025.0,10/2025,10-17
Block Level LSLR,CONSUMER,3057 N NARRAGANSETT AVE,Completed,60634,30,2025-09-25 11:27:08,2025.0,09/2025,09-25
Block Level LSLR,PUBLIC,3057 N NARRAGANSETT AVE,Completed,60634,30,2025-09-25 11:27:08,2025.0,09/2025,09-25
Block Level LSLR,CONSUMER,3101 N NARRAGANSETT AVE,Completed,60634,30,2025-09-02 00:00:00,2025.0,09/2025,09-02
Block Level LSLR,PUBLIC,3101 N NARRAGANSETT AVE,Completed,60634,30,2025-09-02 14:52:00,2025.0,09/2025,09-02
Block Level LSLR,CONSUMER,4501 S LAMON AVE,Completed,60638,22,2025-09-16 00:00:00,2025.0,09/2025,09-16
Block Level LSLR,PUBLIC,4501 S LAMON AVE,Completed,60638,22,2025-09-16 00:00:00,2025.0,09/2025,09-16
Block Level LSLR,CONSUMER,4505 S LAMON AVE,Completed,60638,22,2025-09-08 00:00:00,2025.0,09/2025,09-08
Block Level LSLR,PUBLIC,4505 S LAMON AVE,Completed,60638,22,2025-09-08 00:00:00,2025.0,09/2025,09-08
Block Level LSLR,CONSUMER,4507 S LAMON AVE,Completed,60638,22,2025-09-11 00:00:00,2025.0,09/2025,09-11
Block Level LSLR,PUBLIC,4507 S LAMON AVE,Completed,60638,22,2025-09-11 00:00:00,2025.0,09/2025,09-11
Block Level LSLR,PUBLIC,4511 S LAMON AVE,Completed,60638,22,2025-09-15 00:00:00,2025.0,09/2025,09-15
Block Level LSLR,CONSUMER,4511 S LAMON AVE,Completed,60638,22,2025-09-12 10:10:00,2025.0,09/2025,09-12
Block Level LSLR,CONSUMER,4515 S LAMON AVE,Completed,60638,22,2025-09-12 00:00:00,2025.0,09/2025,09-12
Block Level LSLR,PUBLIC,4515 S LAMON AVE,Completed,60638,22,2025-09-12 00:00:00,2025.0,09/2025,09-12
Block Level LSLR,CONSUMER,4517 S LAMON AVE,Completed,60638,22,2025-09-11 00:00:00,2025.0,09/2025,09-11
Block Level LSLR,PUBLIC,4517 S LAMON AVE,Completed,60638,22,2025-09-11 00:00:00,2025.0,09/2025,09-11
Block Level LSLR,PUBLIC,4519 S LAMON AVE,Completed,60638,22,2025-09-08 00:00:00,2025.0,09/2025,09-08
Block Level LSLR,CONSUMER,4519 S LAMON AVE,Completed,60638,22,2025-09-08 16:06:00,2025.0,09/2025,09-08
Block Level LSLR,PUBLIC,4521 S LAMON AVE,Completed,60638,22,2025-09-08 00:00:00,2025.0,09/2025,09-08
Block Level LSLR,CONSUMER,4521 S LAMON AVE,Completed,60638,22,2025-09-08 10:26:00,2025.0,09/2025,09-08
Block Level LSLR,CONSUMER,4525 S LAMON AVE,Completed,60638,22,2025-09-10 00:00:00,2025.0,09/2025,09-10
Block Level LSLR,PUBLIC,4525 S LAMON AVE,Completed,60638,22,2025-09-10 00:00:00,2025.0,09/2025,09-10
Block Level LSLR,CONSUMER,4529 S LAMON AVE,Completed,60638,22,2025-09-09 00:00:00,2025.0,09/2025,09-09
Block Level LSLR,PUBLIC,4529 S LAMON AVE,Completed,60638,22,2025-09-09 00:00:00,2025.0,09/2025,09-09
Block Level LSLR,CONSUMER,4531 S LAMON AVE,Completed,60638,22,2025-09-09 00:00:00,2025.0,09/2025,09-09
Block Level LSLR,PUBLIC,4531 S LAMON AVE,Completed,60638,22,2025-09-09 00:00:00,2025.0,09/2025,09-09
Block Level LSLR,CONSUMER,4535 S LAMON AVE,Completed,60638,22,2025-09-09 00:00:00,2025.0,09/2025,09-09
Block Level LSLR,PUBLIC,4535 S LAMON AVE,Completed,60638,22,2025-09-10 00:00:00,2025.0,09/2025,09-10
Block Level LSLR,CONSUMER,4537 S LAMON AVE,Completed,60638,22,2025-09-09 00:00:00,2025.0,09/2025,09-09
Block Level LSLR,PUBLIC,4537 S LAMON AVE,Completed,60638,22,2025-09-09 00:00:00,2025.0,09/2025,09-09
Block Level LSLR,CONSUMER,4541 S LAMON AVE,Completed,60638,22,2025-09-15 00:00:00,2025.0,09/2025,09-15
Block Level LSLR,PUBLIC,4541 S LAMON AVE,Completed,60638,22,2025-09-15 00:00:00,2025.0,09/2025,09-15
Block Level LSLR,CONSUMER,4543 S LAMON AVE,Completed,60638,22,2025-09-12 00:00:00,2025.0,09/2025,09-12
Block Level LSLR,PUBLIC,4543 S LAMON AVE,Completed,60638,22,2025-09-12 00:00:00,2025.0,09/2025,09-12
Block Level LSLR,CONSUMER,4547 S LAMON AVE,Completed,60638,22,2025-09-10 00:00:00,2025.0,09/2025,09-10
Block Level LSLR,PUBLIC,4547 S LAMON AVE,Completed,60638,22,2025-09-10 00:00:00,2025.0,09/2025,09-10
Block Level LSLR,PUBLIC,4549 S LAMON AVE,Completed,60638,22,2025-09-19 00:00:00,2025.0,09/2025,09-19
Block Level LSLR,CONSUMER,4549 S LAMON AVE,Completed,60638,22,2025-09-19 14:08:00,2025.0,09/2025,09-19
Block Level LSLR,CONSUMER,4553 S LAMON AVE,Completed,60638,22,2025-09-17 00:00:00,2025.0,09/2025,09-17
Block Level LSLR,PUBLIC,4553 S LAMON AVE,Completed,60638,22,2025-09-17 00:00:00,2025.0,09/2025,09-17
Block Level LSLR,CONSUMER,4555 S LAMON AVE,Completed,60638,22,2025-09-11 00:00:00,2025.0,09/2025,09-11
Block Level LSLR,PUBLIC,4555 S LAMON AVE,Completed,60638,22,2025-09-11 00:00:00,2025.0,09/2025,09-11
Block Level LSLR,CONSUMER,4559 S LAMON AVE,Completed,60638,22,2025-09-18 00:00:00,2025.0,09/2025,09-18
Block Level LSLR,PUBLIC,4559 S LAMON AVE,Completed,60638,22,2025-09-18 00:00:00,2025.0,09/2025,09-18
Block Level LSLR,PUBLIC,4601 S LAMON AVE,Completed,60638,22,2025-09-15 00:00:00,2025.0,09/2025,09-15
Block Level LSLR,CONSUMER,4601 S LAMON AVE,Completed,60638,22,2025-09-15 09:26:00,2025.0,09/2025,09-15
Block Level LSLR,CONSUMER,4605 S LAMON AVE,Completed,60638,22,2025-09-30 00:00:00,2025.0,09/2025,09-30
Block Level LSLR,PUBLIC,4605 S LAMON AVE,Completed,60638,22,2025-09-30 00:00:00,2025.0,09/2025,09-30
Block Level LSLR,CONSUMER,4609 S LAMON AVE,Completed,60638,22,2025-09-22 00:00:00,2025.0,09/2025,09-22
Block Level LSLR,PUBLIC,4609 S LAMON AVE,Completed,60638,22,2025-09-22 00:00:00,2025.0,09/2025,09-22
Block Level LSLR,CONSUMER,4611 S LAMON AVE,Completed,60638,22,2025-09-16 00:00:00,2025.0,09/2025,09-16
Block Level LSLR,PUBLIC,4611 S LAMON AVE,Completed,60638,22,2025-09-16 00:00:00,2025.0,09/2025,09-16
Block Level LSLR,CONSUMER,4615 S LAMON AVE,Completed,60638,22,2025-09-16 00:00:00,2025.0,09/2025,09-16
Block Level LSLR,PUBLIC,4615 S LAMON AVE,Completed,60638,22,2025-09-16 00:00:00,2025.0,09/2025,09-16
Block Level LSLR,PUBLIC,4621 S LAMON AVE,Completed,60638,22,2025-09-29 00:00:00,2025.0,09/2025,09-29
Block Level LSLR,CONSUMER,4621 S LAMON AVE,Completed,60638,22,2025-09-30 14:26:00,2025.0,09/2025,09-30
Block Level LSLR,PUBLIC,4623 S LAMON AVE,Completed,60638,22,2025-09-18 00:00:00,2025.0,09/2025,09-18
Block Level LSLR,CONSUMER,4623 S LAMON AVE,Completed,60638,22,2025-09-18 11:14:00,2025.0,09/2025,09-18
Block Level LSLR,CONSUMER,4627 S LAMON AVE,Completed,60638,22,2025-09-22 00:00:00,2025.0,09/2025,09-22
Block Level LSLR,PUBLIC,4627 S LAMON AVE,Completed,60638,22,2025-09-22 00:00:00,2025.0,09/2025,09-22
Block Level LSLR,CONSUMER,4631 S LAMON AVE,Completed,60638,22,2025-09-17 00:00:00,2025.0,09/2025,09-17
Block Level LSLR,PUBLIC,4631 S LAMON AVE,Completed,60638,22,2025-09-17 00:00:00,2025.0,09/2025,09-17
Block Level LSLR,PUBLIC,4633 S LAMON AVE,Completed,60638,22,2025-09-19 00:00:00,2025.0,09/2025,09-19
Block Level LSLR,CONSUMER,4633 S LAMON AVE,Completed,60638,22,2025-09-19 12:14:00,2025.0,09/2025,09-19
Block Level LSLR,CONSUMER,4635 S LAMON AVE,Completed,60638,22,2025-10-17 00:00:00,2025.0,10/2025,10-17
Block Level LSLR,PUBLIC,4635 S LAMON AVE,Completed,60638,22,2025-09-18 00:00:00,2025.0,09/2025,09-18
Block Level LSLR,PUBLIC,4639 S LAMON AVE,Completed,60638,22,2025-09-19 00:00:00,2025.0,09/2025,09-19
Block Level LSLR,CONSUMER,4639 S LAMON AVE,Completed,60638,22,2025-09-19 14:29:00,2025.0,09/2025,09-19
Block Level LSLR,PUBLIC,4641 S LAMON AVE,Completed,60638,22,2025-09-22 00:00:00,2025.0,09/2025,09-22
Block Level LSLR,CONSUMER,4641 S LAMON AVE,Completed,60638,22,2025-09-22 14:31:00,2025.0,09/2025,09-22
Block Level LSLR,PUBLIC,4645 S LAMON AVE,Completed,60638,22,2025-09-17 00:00:00,2025.0,09/2025,09-17
Block Level LSLR,CONSUMER,4645 S LAMON AVE,Completed,60638,22,2025-09-17 14:33:00,2025.0,09/2025,09-17
Block Level LSLR,CONSUMER,4715 S LAMON AVE,Completed,60638,22,2025-09-29 00:00:00,2025.0,09/2025,09-29
Block Level LSLR,PUBLIC,4715 S LAMON AVE,Completed,60638,22,2025-09-29 00:00:00,2025.0,09/2025,09-29
Block Level LSLR,CONSUMER,4719 S LAMON AVE,Completed,60638,22,2025-09-25 00:00:00,2025.0,09/2025,09-25
Block Level LSLR,PUBLIC,4719 S LAMON AVE,Completed,60638,22,2025-09-25 00:00:00,2025.0,09/2025,09-25
Block Level LSLR,CONSUMER,4721 S LAMON AVE,Completed,60638,22,2025-09-23 00:00:00,2025.0,09/2025,09-23
Block Level LSLR,PUBLIC,4721 S LAMON AVE,Completed,60638,22,2025-09-23 00:00:00,2025.0,09/2025,09-23
Block Level LSLR,CONSUMER,4725 S LAMON AVE,Completed,60638,22,2025-09-23 00:00:00,2025.0,09/2025,09-23
Block Level LSLR,PUBLIC,4725 S LAMON AVE,Completed,60638,22,2025-09-23 00:00:00,2025.0,09/2025,09-23
Block Level LSLR,CONSUMER,4727 S LAMON AVE,Completed,60638,22,2025-09-26 00:00:00,2025.0,09/2025,09-26
Block Level LSLR,PUBLIC,4727 S LAMON AVE,Completed,60638,22,2025-09-26 00:00:00,2025.0,09/2025,09-26
Block Level LSLR,CONSUMER,4731 S LAMON AVE,Completed,60638,22,2025-10-01 00:00:00,2025.0,10/2025,10-01
Block Level LSLR,PUBLIC,4731 S LAMON AVE,Completed,60638,22,2025-10-01 00:00:00,2025.0,10/2025,10-01
Block Level LSLR,CONSUMER,4733 S LAMON AVE,Completed,60638,22,2025-09-25 00:00:00,2025.0,09/2025,09-25
Block Level LSLR,PUBLIC,4733 S LAMON AVE,Completed,60638,22,2025-09-25 00:00:00,2025.0,09/2025,09-25
Block Level LSLR,CONSUMER,4735 S LAMON AVE,Completed,60638,22,2025-09-26 00:00:00,2025.0,09/2025,09-26
Block Level LSLR,PUBLIC,4735 S LAMON AVE,Completed,60638,22,2025-09-26 00:00:00,2025.0,09/2025,09-26
Block Level LSLR,CONSUMER,4739 S LAMON AVE,Completed,60638,22,2025-09-29 00:00:00,2025.0,09/2025,09-29
Block Level LSLR,PUBLIC,4739 S LAMON AVE,Completed,60638,22,2025-09-29 00:00:00,2025.0,09/2025,09-29
Block Level LSLR,CONSUMER,4741 S LAMON AVE,Completed,60638,22,2025-09-24 00:00:00,2025.0,09/2025,09-24
Block Level LSLR,PUBLIC,4741 S LAMON AVE,Completed,60638,22,2025-09-24 00:00:00,2025.0,09/2025,09-24
Block Level LSLR,CONSUMER,4745 S LAMON AVE,Completed,60638,22,2025-09-24 00:00:00,2025.0,09/2025,09-24
Block Level LSLR,PUBLIC,4745 S LAMON AVE,Completed,60638,22,2025-09-24 00:00:00,2025.0,09/2025,09-24
Block Level LSLR,CONSUMER,4747 S LAMON AVE,Completed,60638,22,2025-10-09 00:00:00,2025.0,10/2025,10-09
Block Level LSLR,PUBLIC,4747 S LAMON AVE,Completed,60638,22,2025-10-09 00:00:00,2025.0,10/2025,10-09
Block Level LSLR,CONSUMER,4751 S LAMON AVE,Completed,60638,22,2025-09-26 00:00:00,2025.0,09/2025,09-26
Block Level LSLR,PUBLIC,4751 S LAMON AVE,Completed,60638,22,2025-09-26 00:00:00,2025.0,09/2025,09-26
Block Level LSLR,CONSUMER,4755 S LAMON AVE,Completed,60638,22,2025-10-10 00:00:00,2025.0,10/2025,10-10
Block Level LSLR,PUBLIC,4755 S LAMON AVE,Completed,60638,22,2025-10-10 00:00:00,2025.0,10/2025,10-10
Block Level LSLR,PUBLIC,4759 S LAMON AVE,Completed,60638,22,2025-09-24 00:00:00,2025.0,09/2025,09-24
Block Level LSLR,CONSUMER,4759 S LAMON AVE,Completed,60638,22,2025-09-24 12:08:00,2025.0,09/2025,09-24
Block Level LSLR,CONSUMER,4801 S LAMON AVE,Completed,60638,22,2025-10-03 00:00:00,2025.0,10/2025,10-03
Block Level LSLR,PUBLIC,4801 S LAMON AVE,Completed,60638,22,2025-10-03 00:00:00,2025.0,10/2025,10-03
Block Level LSLR,CONSUMER,4805 S LAMON AVE,Completed,60638,22,2025-10-01 00:00:00,2025.0,10/2025,10-01
Block Level LSLR,PUBLIC,4805 S LAMON AVE,Completed,60638,22,2025-10-01 00:00:00,2025.0,10/2025,10-01
Block Level LSLR,CONSUMER,4807 S LAMON AVE,Completed,60638,22,2025-10-07 00:00:00,2025.0,10/2025,10-07
Block Level LSLR,PUBLIC,4807 S LAMON AVE,Completed,60638,22,2025-10-07 00:00:00,2025.0,10/2025,10-07
Block Level LSLR,PUBLIC,4811 S LAMON AVE,Completed,60638,22,2025-09-23 00:00:00,2025.0,09/2025,09-23
Block Level LSLR,CONSUMER,4811 S LAMON AVE,Completed,60638,22,2025-09-23 13:53:00,2025.0,09/2025,09-23
Block Level LSLR,PUBLIC,4813 S LAMON AVE,Completed,60638,22,2025-09-25 00:00:00,2025.0,09/2025,09-25
Block Level LSLR,CONSUMER,4813 S LAMON AVE,Completed,60638,22,2025-09-25 13:55:00,2025.0,09/2025,09-25
Block Level LSLR,PUBLIC,4817 S LAMON AVE,Completed,60638,22,2025-10-20 00:00:00,2025.0,10/2025,10-20
Block Level LSLR,CONSUMER,4817 S LAMON AVE,Completed,60638,22,2025-10-20 00:00:00,2025.0,10/2025,10-20
Block Level LSLR,CONSUMER,4819 S LAMON AVE,Completed,60638,22,2025-09-30 00:00:00,2025.0,09/2025,09-30
Block Level LSLR,PUBLIC,4819 S LAMON AVE,Completed,60638,22,2025-09-30 00:00:00,2025.0,09/2025,09-30
Block Level LSLR,PUBLIC,4823 S LAMON AVE,Completed,60638,22,2025-10-08 00:00:00,2025.0,10/2025,10-08
Block Level LSLR,CONSUMER,4823 S LAMON AVE,Completed,60638,22,2025-10-28 08:44:00,2025.0,10/2025,10-28
Block Level LSLR,CONSUMER,4825 S LAMON AVE,Completed,60638,22,2025-10-09 00:00:00,2025.0,10/2025,10-09
Block Level LSLR,PUBLIC,4825 S LAMON AVE,Completed,60638,22,2025-10-09 00:00:00,2025.0,10/2025,10-09
Block Level LSLR,CONSUMER,4829 S LAMON AVE,Completed,60638,22,2025-10-08 00:00:00,2025.0,10/2025,10-08
Block Level LSLR,PUBLIC,4829 S LAMON AVE,Completed,60638,22,2025-10-08 00:00:00,2025.0,10/2025,10-08
Block Level LSLR,PUBLIC,4831 S LAMON AVE,Completed,60638,22,2025-09-30 00:00:00,2025.0,09/2025,09-30
Block Level LSLR,CONSUMER,4831 S LAMON AVE,Completed,60638,22,2025-11-30 10:23:00,2025.0,11/2025,11-30
Block Level LSLR,PUBLIC,4833 S LAMON AVE,Completed,60638,22,2025-10-02 00:00:00,2025.0,10/2025,10-02
Block Level LSLR,CONSUMER,4833 S LAMON AVE,Completed,60638,22,2025-10-02 14:34:00,2025.0,10/2025,10-02
Block Level LSLR,PUBLIC,4837 S LAMON AVE,Completed,60638,22,2025-10-08 00:00:00,2025.0,10/2025,10-08
Block Level LSLR,CONSUMER,4837 S LAMON AVE,Completed,60638,22,2025-10-08 11:41:00,2025.0,10/2025,10-08
Block Level LSLR,PUBLIC,4841 S LAMON AVE,Completed,60638,22,2025-09-29 00:00:00,2025.0,09/2025,09-29
Block Level LSLR,CONSUMER,4841 S LAMON AVE,Completed,60638,22,2025-09-29 15:43:00,2025.0,09/2025,09-29
Block Level LSLR,CONSUMER,4843 S LAMON AVE,Completed,60638,22,2025-10-10 00:00:00,2025.0,10/2025,10-10
Block Level LSLR,PUBLIC,4843 S LAMON AVE,Completed,60638,22,2025-10-10 00:00:00,2025.0,10/2025,10-10
Block Level LSLR,CONSUMER,4847 S LAMON AVE,Completed,60638,22,2025-10-02 00:00:00,2025.0,10/2025,10-02
Block Level LSLR,PUBLIC,4847 S LAMON AVE,Completed,60638,22,2025-10-02 00:00:00,2025.0,10/2025,10-02
Block Level LSLR,CONSUMER,4849 S LAMON AVE,Completed,60638,22,2025-10-03 00:00:00,2025.0,10/2025,10-03
Block Level LSLR,PUBLIC,4849 S LAMON AVE,Completed,60638,22,2025-10-03 00:00:00,2025.0,10/2025,10-03
Block Level LSLR,CONSUMER,4853 S LAMON AVE,Completed,60638,22,2025-10-03 00:00:00,2025.0,10/2025,10-03
Block Level LSLR,PUBLIC,4853 S LAMON AVE,Completed,60638,22,2025-10-03 00:00:00,2025.0,10/2025,10-03
Block Level LSLR,PUBLIC,4855 S LAMON AVE,Completed,60638,22,2025-10-01 00:00:00,2025.0,10/2025,10-01
Block Level LSLR,CONSUMER,4855 S LAMON AVE,Completed,60638,22,2025-10-01 00:00:00,2025.0,10/2025,10-01
Block Level LSLR,CONSUMER,4859 S LAMON AVE,Completed,60638,22,2025-10-15 00:00:00,2025.0,10/2025,10-15
Block Level LSLR,PUBLIC,4859 S LAMON AVE,Completed,60638,22,2025-10-15 00:00:00,2025.0,10/2025,10-15
Block Level LSLR,CONSUMER,4901 S LAMON AVE,Completed,60638,22,2025-10-07 00:00:00,2025.0,10/2025,10-07
Block Level LSLR,PUBLIC,4901 S LAMON AVE,Completed,60638,22,2025-10-07 00:00:00,2025.0,10/2025,10-07
Block Level LSLR,PUBLIC,4907 S LAMON AVE,Completed,60638,22,2025-10-07 00:00:00,2025.0,10/2025,10-07
Block Level LSLR,CONSUMER,4907 S LAMON AVE,Completed,60638,22,2025-10-07 13:58:00,2025.0,10/2025,10-07
Block Level LSLR,PUBLIC,4911 S LAMON AVE,Completed,60638,22,2025-10-09 00:00:00,2025.0,10/2025,10-09
Block Level LSLR,CONSUMER,4911 S LAMON AVE,Completed,60638,22,2025-10-09 00:00:00,2025.0,10/2025,10-09
Block Level LSLR,CONSUMER,4915 S LAMON AVE,Completed,60638,22,2025-10-06 00:00:00,2025.0,10/2025,10-06
Block Level LSLR,PUBLIC,4915 S LAMON AVE,Completed,60638,22,2025-10-06 00:00:00,2025.0,10/2025,10-06
Block Level LSLR,CONSUMER,4917 S LAMON AVE,Completed,60638,22,2025-10-14 00:00:00,2025.0,10/2025,10-14
Block Level LSLR,PUBLIC,4917 S LAMON AVE,Completed,60638,22,2025-10-14 00:00:00,2025.0,10/2025,10-14
Block Level LSLR,CONSUMER,4923 S LAMON AVE,Completed,60638,22,2025-10-14 00:00:00,2025.0,10/2025,10-14
Block Level LSLR,PUBLIC,4923 S LAMON AVE,Completed,60638,22,2025-10-14 00:00:00,2025.0,10/2025,10-14
Block Level LSLR,CONSUMER,4925 S LAMON AVE,Completed,60638,22,2025-10-17 00:00:00,2025.0,10/2025,10-17
Block Level LSLR,PUBLIC,4925 S LAMON AVE,Completed,60638,22,2025-10-17 00:00:00,2025.0,10/2025,10-17
Block Level LSLR,PUBLIC,4927 S LAMON AVE,Completed,60638,22,2025-10-10 00:00:00,2025.0,10/2025,10-10
Block Level LSLR,CONSUMER,4927 S LAMON AVE,Completed,60638,22,2025-10-10 14:37:00,2025.0,10/2025,10-10
Block Level LSLR,CONSUMER,4935 S LAMON AVE,Completed,60638,22,2025-10-16 00:00:00,2025.0,10/2025,10-16
Block Level LSLR,PUBLIC,4935 S LAMON AVE,Completed,60638,22,2025-10-16 00:00:00,2025.0,10/2025,10-16
Block Level LSLR,CONSUMER,4937 S LAMON AVE,Completed,60638,22,2025-10-16 00:00:00,2025.0,10/2025,10-16
Block Level LSLR,PUBLIC,4937 S LAMON AVE,Completed,60638,22,2025-10-16 00:00:00,2025.0,10/2025,10-16
Block Level LSLR,CONSUMER,4941 S LAMON AVE,Completed,60638,22,2025-10-20 00:00:00,2025.0,10/2025,10-20
Block Level LSLR,PUBLIC,4941 S LAMON AVE,Completed,60638,22,2025-10-20 00:00:00,2025.0,10/2025,10-20
Block Level LSLR,CONSUMER,4943 S LAMON AVE,Completed,60638,22,2025-10-20 00:00:00,2025.0,10/2025,10-20
Block Level LSLR,PUBLIC,4943 S LAMON AVE,Completed,60638,22,2025-10-20 00:00:00,2025.0,10/2025,10-20
Block Level LSLR,CONSUMER,4947 S LAMON AVE,Completed,60638,22,2025-10-14 00:00:00,2025.0,10/2025,10-14
Block Level LSLR,PUBLIC,4947 S LAMON AVE,Completed,60638,22,2025-10-14 00:00:00,2025.0,10/2025,10-14
Block Level LSLR,CONSUMER,4949 S LAMON AVE,Completed,60638,22,2025-10-31 00:00:00,2025.0,10/2025,10-31
Block Level LSLR,PUBLIC,4949 S LAMON AVE,Completed,60638,22,2025-10-15 00:00:00,2025.0,10/2025,10-15
Block Level LSLR,CONSUMER,4953 S LAMON AVE,Completed,60638,22,2025-10-15 00:00:00,2025.0,10/2025,10-15
Block Level LSLR,PUBLIC,4953 S LAMON AVE,Completed,60638,22,2025-10-15 00:00:00,2025.0,10/2025,10-15
Block Level LSLR,PUBLIC,4955 S LAMON AVE,Completed,60638,22,2025-10-06 00:00:00,2025.0,10/2025,10-06
Block Level LSLR,CONSUMER,4955 S LAMON AVE,Completed,60638,22,2025-10-06 00:00:00,2025.0,10/2025,10-06
Block Level LSLR,CONSUMER,4959 S LAMON AVE,Completed,60638,22,2025-10-06 00:00:00,2025.0,10/2025,10-06
Block Level LSLR,PUBLIC,4959 S LAMON AVE,Completed,60638,22,2025-10-06 00:00:00,2025.0,10/2025,10-06
Block Level LSLR,CONSUMER,5001 S LAMON AVE,Completed,60638,23,2025-10-15 00:00:00,2025.0,10/2025,10-15
Block Level LSLR,PUBLIC,5001 S LAMON AVE,Completed,60638,23,2025-10-15 00:00:00,2025.0,10/2025,10-15
Block Level LSLR,PUBLIC,5005 S LAMON AVE,Completed,60638,23,2025-10-16 00:00:00,2025.0,10/2025,10-16
Block Level LSLR,CONSUMER,5005 S LAMON AVE,Completed,60638,23,2025-10-16 12:21:00,2025.0,10/2025,10-16
Block Level LSLR,CONSUMER,5011 S LAMON AVE,Completed,60638,23,2025-10-14 00:00:00,2025.0,10/2025,10-14
Block Level LSLR,PUBLIC,5011 S LAMON AVE,Completed,60638,23,2025-10-14 00:00:00,2025.0,10/2025,10-14
Block Level LSLR,CONSUMER,5013 S LAMON AVE,Completed,60638,23,2025-10-15 00:00:00,2025.0,10/2025,10-15
Block Level LSLR,PUBLIC,5013 S LAMON AVE,Completed,60638,23,2025-10-15 00:00:00,2025.0,10/2025,10-15
Block Level LSLR,CONSUMER,5017 S LAMON AVE,Completed,60638,23,2025-10-15 00:00:00,2025.0,10/2025,10-15
Block Level LSLR,PUBLIC,5017 S LAMON AVE,Completed,60638,23,2025-10-14 00:00:00,2025.0,10/2025,10-14
Block Level LSLR,PUBLIC,5021 S LAMON AVE,Completed,60638,23,2025-10-17 00:00:00,2025.0,10/2025,10-17
Block Level LSLR,CONSUMER,5021 S LAMON AVE,Completed,60638,23,2025-10-17 00:00:00,2025.0,10/2025,10-17
Block Level LSLR,CONSUMER,5025 S LAMON AVE,Completed,60638,23,2025-10-16 00:00:00,2025.0,10/2025,10-16
Block Level LSLR,PUBLIC,5025 S LAMON AVE,Completed,60638,23,2025-10-16 00:00:00,2025.0,10/2025,10-16
Block Level LSLR,PUBLIC,5029 S LAMON AVE,Completed,60638,23,2025-10-20 00:00:00,2025.0,10/2025,10-20
Block Level LSLR,CONSUMER,5029 S LAMON AVE,Completed,60638,23,2025-10-30 15:00:00,2025.0,10/2025,10-30
Block Level LSLR,CONSUMER,5035 S LAMON AVE,Completed,60638,23,2025-10-16 00:00:00,2025.0,10/2025,10-16
Block Level LSLR,PUBLIC,5035 S LAMON AVE,Completed,60638,23,2025-10-16 00:00:00,2025.0,10/2025,10-16
Block Level LSLR,CONSUMER,5041 S LAMON AVE,Completed,60638,23,2025-10-17 00:00:00,2025.0,10/2025,10-17
Block Level LSLR,PUBLIC,5041 S LAMON AVE,Completed,60638,23,2025-10-17 00:00:00,2025.0,10/2025,10-17
Block Level LSLR,PUBLIC,5043 S LAMON AVE,Completed,60638,23,2025-10-21 00:00:00,2025.0,10/2025,10-21
Block Level LSLR,CONSUMER,5043 S LAMON AVE,Completed,60638,23,2025-10-21 00:00:00,2025.0,10/2025,10-21
Block Level LSLR,PUBLIC,5045 S LAMON AVE,Completed,60638,23,2025-10-21 00:00:00,2025.0,10/2025,10-21
Block Level LSLR,CONSUMER,5045 S LAMON AVE,Completed,60638,23,2025-10-21 00:00:00,2025.0,10/2025,10-21
Block Level LSLR,CONSUMER,5049 S LAMON AVE,Completed,60638,23,2025-10-17 00:00:00,2025.0,10/2025,10-17
Block Level LSLR,PUBLIC,5049 S LAMON AVE,Completed,60638,23,2025-10-17 00:00:00,2025.0,10/2025,10-17
Block Level LSLR,CONSUMER,5055 S LAMON AVE,Completed,60638,23,2025-10-21 00:00:00,2025.0,10/2025,10-21
Block Level LSLR,PUBLIC,5055 S LAMON AVE,Completed,60638,23,2025-10-21 00:00:00,2025.0,10/2025,10-21
Block Level LSLR,CONSUMER,5059 S LAMON AVE,Completed,60638,23,2025-10-21 00:00:00,2025.0,10/2025,10-21
Block Level LSLR,PUBLIC,5059 S LAMON AVE,Completed,60638,23,2025-10-21 00:00:00,2025.0,10/2025,10-21
Block Level LSLR,CONSUMER,5514 S OAKLEY AVE,Completed,60636,15,2025-11-03 00:00:00,2025.0,11/2025,11-03
Block Level LSLR,PUBLIC,5514 S OAKLEY AVE,Completed,60636,15,2025-09-25 11:40:00,2025.0,09/2025,09-25
Block Level LSLR,CONSUMER,5515 S OAKLEY AVE,Completed,60636,15,2025-11-04 00:00:00,2025.0,11/2025,11-04
Block Level LSLR,PUBLIC,5515 S OAKLEY AVE,Completed,60636,15,2025-09-25 11:40:00,2025.0,09/2025,09-25
Block Level LSLR,CONSUMER,5516 S OAKLEY AVE,Completed,60636,15,2025-11-03 00:00:00,2025.0,11/2025,11-03
Block Level LSLR,PUBLIC,5516 S OAKLEY AVE,Completed,60636,15,2025-09-25 11:40:00,2025.0,09/2025,09-25
Block Level LSLR,CONSUMER,5518 S OAKLEY AVE,Completed,60636,15,2025-11-03 00:00:00,2025.0,11/2025,11-03
Block Level LSLR,PUBLIC,5518 S OAKLEY AVE,Completed,60636,15,2025-09-25 11:40:00,2025.0,09/2025,09-25
Block Level LSLR,CONSUMER,5519 S OAKLEY AVE,Completed,60636,15,2025-11-03 00:00:00,2025.0,11/2025,11-03
Block Level LSLR,PUBLIC,5519 S OAKLEY AVE,Completed,60636,15,2025-09-25 11:40:00,2025.0,09/2025,09-25
Block Level LSLR,CONSUMER,5521 S OAKLEY AVE,Completed,60636,15,2025-11-13 00:00:00,2025.0,11/2025,11-13
Block Level LSLR,PUBLIC,5521 S OAKLEY AVE,Completed,60636,15,2025-09-25 11:40:00,2025.0,09/2025,09-25
Block Level LSLR,CONSUMER,5522 S OAKLEY AVE,Completed,60636,15,2025-11-05 00:00:00,2025.0,11/2025,11-05
Block Level LSLR,PUBLIC,5522 S OAKLEY AVE,Completed,60636,15,2025-09-25 11:40:00,2025.0,09/2025,09-25
Block Level LSLR,CONSUMER,5523 S OAKLEY AVE,Completed,60636,15,2025-11-04 00:00:00,2025.0,11/2025,11-04
Block Level LSLR,PUBLIC,5523 S OAKLEY AVE,Completed,60636,15,2025-09-25 11:40:00,2025.0,09/2025,09-25
Block Level LSLR,CONSUMER,5526 S OAKLEY AVE,Completed,60636,15,2025-11-10 00:00:00,2025.0,11/2025,11-10
Block Level LSLR,PUBLIC,5526 S OAKLEY AVE,Completed,60636,15,2025-09-25 11:40:00,2025.0,09/2025,09-25
Block Level LSLR,CONSUMER,5527 S OAKLEY AVE,Completed,60636,15,2025-11-05 00:00:00,2025.0,11/2025,11-05
Block Level LSLR,PUBLIC,5527 S OAKLEY AVE,Completed,60636,15,2025-09-25 11:40:00,2025.0,09/2025,09-25
Block Level LSLR,CONSUMER,5532 S OAKLEY AVE,Completed,60636,15,2025-11-06 00:00:00,2025.0,11/2025,11-06
Block Level LSLR,PUBLIC,5532 S OAKLEY AVE,Completed,60636,15,2025-09-25 11:40:00,2025.0,09/2025,09-25
Block Level LSLR,CONSUMER,5602 S OAKLEY AVE,Completed,60636,15,2025-09-25 11:40:16,2025.0,09/2025,09-25
Block Level LSLR,PUBLIC,5602 S OAKLEY AVE,Completed,60636,15,2025-09-25 11:40:00,2025.0,09/2025,09-25
Block Level LSLR,CONSUMER,5603 S OAKLEY AVE,Completed,60636,15,2025-11-06 00:00:00,2025.0,11/2025,11-06
Block Level LSLR,PUBLIC,5603 S OAKLEY AVE,Completed,60636,15,2025-09-25 11:40:00,2025.0,09/2025,09-25
Block Level LSLR,CONSUMER,5606 S OAKLEY AVE,Completed,60636,15,2025-11-10 00:00:00,2025.0,11/2025,11-10
Block Level LSLR,PUBLIC,5606 S OAKLEY AVE,Completed,60636,15,2025-09-25 11:40:00,2025.0,09/2025,09-25
Block Level LSLR,CONSUMER,5611 S OAKLEY AVE,Completed,60636,15,2025-11-06 00:00:00,2025.0,11/2025,11-06
Block Level LSLR,PUBLIC,5611 S OAKLEY AVE,Completed,60636,15,2025-09-25 11:40:00,2025.0,09/2025,09-25
Block Level LSLR,CONSUMER,5615 17 S OAKLEY AVE,Completed,60636,15,2025-11-13 00:00:00,2025.0,11/2025,11-13
Block Level LSLR,PUBLIC,5615 17 S OAKLEY AVE,Completed,60636,15,2025-09-25 11:40:00,2025.0,09/2025,09-25
Block Level LSLR,CONSUMER,5616 S OAKLEY AVE,Completed,60636,15,2025-11-10 00:00:00,2025.0,11/2025,11-10
Block Level LSLR,PUBLIC,5616 S OAKLEY AVE,Completed,60636,15,2025-09-25 11:40:00,2025.0,09/2025,09-25
Block Level LSLR,CONSUMER,5618 S OAKLEY AVE,Completed,60636,15,2025-11-05 00:00:00,2025.0,11/2025,11-05
Block Level LSLR,PUBLIC,5618 S OAKLEY AVE,Completed,60636,15,2025-09-25 13:52:00,2025.0,09/2025,09-25
Block Level LSLR,CONSUMER,5619 S OAKLEY AVE,Completed,60636,15,2025-11-06 00:00:00,2025.0,11/2025,11-06
Block Level LSLR,PUBLIC,5619 S OAKLEY AVE,Completed,60636,15,2025-09-25 11:40:00,2025.0,09/2025,09-25
Block Level LSLR,CONSUMER,5620 S OAKLEY AVE,Completed,60636,15,2025-11-07 00:00:00,2025.0,11/2025,11-07
Block Level LSLR,PUBLIC,5620 S OAKLEY AVE,Completed,60636,15,2025-09-25 11:40:00,2025.0,09/2025,09-25
Block Level LSLR,CONSUMER,5622 S OAKLEY AVE,Completed,60636,15,2025-11-07 00:00:00,2025.0,11/2025,11-07
Block Level LSLR,PUBLIC,5622 S OAKLEY AVE,Completed,60636,15,2025-09-25 11:40:00,2025.0,09/2025,09-25
Block Level LSLR,CONSUMER,5623 S OAKLEY AVE,Completed,60636,15,2025-11-07 00:00:00,2025.0,11/2025,11-07
Block Level LSLR,PUBLIC,5623 S OAKLEY AVE,Completed,60636,15,2025-09-25 11:40:00,2025.0,09/2025,09-25
Block Level LSLR,CONSUMER,5624 S OAKLEY AVE,Completed,60636,15,2025-11-07 00:00:00,2025.0,11/2025,11-07
Block Level LSLR,PUBLIC,5624 S OAKLEY AVE,Completed,60636,15,2025-09-25 11:40:00,2025.0,09/2025,09-25
Block Level LSLR,CONSUMER,5627 S OAKLEY AVE,Completed,60636,15,2025-11-13 00:00:00,2025.0,11/2025,11-13
Block Level LSLR,PUBLIC,5627 S OAKLEY AVE,Completed,60636,15,2025-09-25 11:40:00,2025.0,09/2025,09-25
Block Level LSLR,CONSUMER,5628 S OAKLEY AVE,Completed,60636,15,2025-11-12 00:00:00,2025.0,11/2025,11-12
Block Level LSLR,PUBLIC,5628 S OAKLEY AVE,Completed,60636,15,2025-09-25 11:40:00,2025.0,09/2025,09-25
Block Level LSLR,CONSUMER,5630 S OAKLEY AVE,Completed,60636,15,2025-11-12 00:00:00,2025.0,11/2025,11-12
Block Level LSLR,PUBLIC,5630 S OAKLEY AVE,Completed,60636,15,2025-09-25 11:40:00,2025.0,09/2025,09-25
Block Level LSLR,CONSUMER,5631 S OAKLEY AVE,Completed,60636,15,2025-11-12 00:00:00,2025.0,11/2025,11-12
Block Level LSLR,PUBLIC,5631 S OAKLEY AVE,Completed,60636,15,2025-09-25 11:40:00,2025.0,09/2025,09-25
Block Level LSLR,CONSUMER,5807 31 S OAKLEY AVE,Completed,60636,15,2025-12-01 00:00:00,2025.0,12/2025,12-01
Block Level LSLR,PUBLIC,5807 31 S OAKLEY AVE,Completed,60636,15,2025-09-25 11:40:00,2025.0,09/2025,09-25
Block Level LSLR,CONSUMER,5828 30 S OAKLEY AVE,Completed,60636,16,2025-12-03 00:00:00,2025.0,12/2025,12-03
Block Level LSLR,PUBLIC,5828 30 S OAKLEY AVE,Completed,60636,16,2025-09-25 11:40:00,2025.0,09/2025,09-25
Block Level LSLR,CONSUMER,5835 43 S OAKLEY AVE,Completed,60636,15,2025-12-02 00:00:00,2025.0,12/2025,12-02
Block Level LSLR,PUBLIC,5835 43 S OAKLEY AVE,Completed,60636,15,2025-09-25 11:40:00,2025.0,09/2025,09-25
Block Level LSLR,CONSUMER,5840 S OAKLEY AVE,Completed,60636,16,2025-12-02 00:00:00,2025.0,12/2025,12-02
Block Level LSLR,PUBLIC,5840 S OAKLEY AVE,Completed,60636,16,2025-09-25 11:40:00,2025.0,09/2025,09-25
Block Level LSLR,CONSUMER,5914 S ARTESIAN AVE,In Progress-New Record,60629,16,,,,
Block Level LSLR,PUBLIC,5914 S ARTESIAN AVE,In Progress-New Record,60629,16,,,,
Block Level LSLR,CONSUMER,5914 S CAMPBELL AVE,Completed,60629,16,2025-12-05 00:00:00,2025.0,12/2025,12-05
Block Level LSLR,PUBLIC,5914 S CAMPBELL AVE,Completed,60629,16,2025-12-05 00:00:00,2025.0,12/2025,12-05
Block Level LSLR,CONSUMER,5915 S ARTESIAN AVE,In Progress-New Record,60629,16,,,,
Block Level LSLR,PUBLIC,5915 S ARTESIAN AVE,In Progress-New Record,60629,16,,,,
Block Level LSLR,CONSUMER,5915 S CAMPBELL AVE,Completed,60629,16,2025-12-08 00:00:00,2025.0,12/2025,12-08
Block Level LSLR,PUBLIC,5915 S CAMPBELL AVE,Completed,60629,16,2025-12-08 00:00:00,2025.0,12/2025,12-08
Block Level LSLR,CONSUMER,5916 S ARTESIAN AVE,In Progress-New Record,60629,16,,,,
Block Level LSLR,PUBLIC,5916 S ARTESIAN AVE,In Progress-New Record,60629,16,,,,
Block Level LSLR,CONSUMER,5918 S CAMPBELL AVE,Completed,60629,16,2025-12-11 00:00:00,2025.0,12/2025,12-11
Block Level LSLR,PUBLIC,5918 S CAMPBELL AVE,Completed,60629,16,2025-12-11 00:00:00,2025.0,12/2025,12-11
Block Level LSLR,CONSUMER,5919 S ARTESIAN AVE,In Progress-New Record,60629,16,,,,
Block Level LSLR,PUBLIC,5919 S ARTESIAN AVE,In Progress-New Record,60629,16,,,,
Block Level LSLR,CONSUMER,5919 S CAMPBELL AVE,Completed,60629,16,2025-12-05 00:00:00,2025.0,12/2025,12-05
Block Level LSLR,PUBLIC,5919 S CAMPBELL AVE,Completed,60629,16,2025-12-05 00:00:00,2025.0,12/2025,12-05
Block Level LSLR,CONSUMER,5920 S ARTESIAN AVE,In Progress-New Record,60629,16,,,,
Block Level LSLR,PUBLIC,5920 S ARTESIAN AVE,In Progress-New Record,60629,16,,,,
Block Level LSLR,CONSUMER,5920 S CAMPBELL AVE,Completed,60629,16,2025-12-05 00:00:00,2025.0,12/2025,12-05
Block Level LSLR,PUBLIC,5920 S CAMPBELL AVE,Completed,60629,16,2025-12-05 00:00:00,2025.0,12/2025,12-05
Block Level LSLR,CONSUMER,5921 S ARTESIAN AVE,In Progress-New Record,60629,16,,,,
Block Level LSLR,PUBLIC,5921 S ARTESIAN AVE,In Progress-New Record,60629,16,,,,
Block Level LSLR,CONSUMER,5923 S ARTESIAN AVE,In Progress-New Record,60629,16,,,,
Block Level LSLR,PUBLIC,5923 S ARTESIAN AVE,In Progress-New Record,60629,16,,,,
Block Level LSLR,CONSUMER,5924 S ARTESIAN AVE,In Progress-New Record,60629,16,,,,
Block Level LSLR,PUBLIC,5924 S ARTESIAN AVE,In Progress-New Record,60629,16,,,,
Block Level LSLR,CONSUMER,5924 S CAMPBELL AVE,Completed,60629,16,2025-12-08 00:00:00,2025.0,12/2025,12-08
Block Level LSLR,PUBLIC,5924 S CAMPBELL AVE,Completed,60629,16,2025-12-08 00:00:00,2025.0,12/2025,12-08
Block Level LSLR,CONSUMER,5925 S CAMPBELL AVE,Completed,60629,16,2025-12-09 00:00:00,2025.0,12/2025,12-09
Block Level LSLR,PUBLIC,5925 S CAMPBELL AVE,Completed,60629,16,2025-12-09 00:00:00,2025.0,12/2025,12-09
Block Level LSLR,CONSUMER,5927 S ARTESIAN AVE,In Progress-New Record,60629,16,,,,
Block Level LSLR,PUBLIC,5927 S ARTESIAN AVE,In Progress-New Record,60629,16,,,,
Block Level LSLR,CONSUMER,5927 S CAMPBELL AVE,Completed,60629,16,2025-12-11 00:00:00,2025.0,12/2025,12-11
Block Level LSLR,PUBLIC,5927 S CAMPBELL AVE,Completed,60629,16,2025-12-11 00:00:00,2025.0,12/2025,12-11
Block Level LSLR,CONSUMER,5930 S ARTESIAN AVE,In Progress-New Record,60629,16,,,,
Block Level LSLR,PUBLIC,5930 S ARTESIAN AVE,In Progress-New Record,60629,16,,,,
Block Level LSLR,PUBLIC,5930 S CAMPBELL AVE,Completed,60629,16,2025-12-17 00:00:00,2025.0,12/2025,12-17
Block Level LSLR,CONSUMER,5930 S CAMPBELL AVE,In Progress-New Record,60629,16,,,,
Block Level LSLR,CONSUMER,5931 S ARTESIAN AVE,In Progress-New Record,60629,16,,,,
Block Level LSLR,PUBLIC,5931 S ARTESIAN AVE,In Progress-New Record,60629,16,,,,
Block Level LSLR,CONSUMER,5931 S CAMPBELL AVE,In Progress-New Record,60629,16,,,,
Block Level LSLR,CONSUMER,5932 S ARTESIAN AVE,In Progress-New Record,60629,16,,,,
Block Level LSLR,PUBLIC,5932 S ARTESIAN AVE,In Progress-New Record,60629,16,,,,
Block Level LSLR,CONSUMER,5932 S CAMPBELL AVE,Completed,60629,16,2025-12-18 00:00:00,2025.0,12/2025,12-18
Block Level LSLR,PUBLIC,5932 S CAMPBELL AVE,Completed,60629,16,2025-12-18 00:00:00,2025.0,12/2025,12-18
Block Level LSLR,CONSUMER,5933 S ARTESIAN AVE,In Progress-New Record,60629,16,,,,
Block Level LSLR,PUBLIC,5933 S ARTESIAN AVE,In Progress-New Record,60629,16,,,,
Block Level LSLR,PUBLIC,5933 S CAMPBELL AVE,Completed,60629,16,2025-12-17 00:00:00,2025.0,12/2025,12-17
Block Level LSLR,CONSUMER,5933 S CAMPBELL AVE,In Progress-New Record,60629,16,,,,
Block Level LSLR,CONSUMER,5936 S ARTESIAN AVE,In Progress-New Record,60629,16,,,,
Block Level LSLR,PUBLIC,5936 S ARTESIAN AVE,In Progress-New Record,60629,16,,,,
Block Level LSLR,CONSUMER,5936 S CAMPBELL AVE,Completed,60629,16,2025-12-18 00:00:00,2025.0,12/2025,12-18
Block Level LSLR,PUBLIC,5936 S CAMPBELL AVE,Completed,60629,16,2025-12-18 00:00:00,2025.0,12/2025,12-18
Block Level LSLR,CONSUMER,5937 S ARTESIAN AVE,In Progress-New Record,60629,16,,,,
Block Level LSLR,PUBLIC,5937 S ARTESIAN AVE,In Progress-New Record,60629,16,,,,
Block Level LSLR,CONSUMER,5937 S CAMPBELL AVE,Completed,60629,16,2025-12-11 00:00:00,2025.0,12/2025,12-11
Block Level LSLR,PUBLIC,5937 S CAMPBELL AVE,Completed,60629,16,2025-12-11 00:00:00,2025.0,12/2025,12-11
Block Level LSLR,CONSUMER,5938 S ARTESIAN AVE,In Progress-New Record,60629,16,,,,
Block Level LSLR,PUBLIC,5938 S ARTESIAN AVE,In Progress-New Record,60629,16,,,,
Block Level LSLR,CONSUMER,5939 S ARTESIAN AVE,In Progress-New Record,60629,16,,,,
Block Level LSLR,PUBLIC,5939 S ARTESIAN AVE,In Progress-New Record,60629,16,,,,
Block Level LSLR,CONSUMER,5940 S CAMPBELL AVE,Completed,60629,16,2025-12-16 00:00:00,2025.0,12/2025,12-16
Block Level LSLR,PUBLIC,5940 S CAMPBELL AVE,Completed,60629,16,2025-12-16 00:00:00,2025.0,12/2025,12-16
Block Level LSLR,CONSUMER,5941 S ARTESIAN AVE,In Progress-New Record,60629,16,,,,
Block Level LSLR,PUBLIC,5941 S ARTESIAN AVE,In Progress-New Record,60629,16,,,,
Block Level LSLR,CONSUMER,5941 S CAMPBELL AVE,Completed,60629,16,2025-12-17 00:00:00,2025.0,12/2025,12-17
Block Level LSLR,PUBLIC,5941 S CAMPBELL AVE,Completed,60629,16,2025-12-17 00:00:00,2025.0,12/2025,12-17
Block Level LSLR,CONSUMER,5942 S ARTESIAN AVE,In Progress-New Record,60629,16,,,,
Block Level LSLR,PUBLIC,5942 S ARTESIAN AVE,In Progress-New Record,60629,16,,,,
Block Level LSLR,CONSUMER,5942 S CAMPBELL AVE,Completed,60629,16,2025-12-08 00:00:00,2025.0,12/2025,12-08
Block Level LSLR,PUBLIC,5942 S CAMPBELL AVE,Completed,60629,16,2025-12-08 00:00:00,2025.0,12/2025,12-08
Block Level LSLR,CONSUMER,5943 S CAMPBELL AVE,Completed,60629,16,2025-12-12 00:00:00,2025.0,12/2025,12-12
Block Level LSLR,PUBLIC,5943 S CAMPBELL AVE,Completed,60629,16,2025-12-12 00:00:00,2025.0,12/2025,12-12
Block Level LSLR,CONSUMER,5944 S ARTESIAN AVE,In Progress-New Record,60629,16,,,,
Block Level LSLR,PUBLIC,5944 S ARTESIAN AVE,In Progress-New Record,60629,16,,,,
Block Level LSLR,CONSUMER,5944 S CAMPBELL AVE,Completed,60629,16,2025-12-12 00:00:00,2025.0,12/2025,12-12
Block Level LSLR,PUBLIC,5944 S CAMPBELL AVE,Completed,60629,16,2025-12-12 00:00:00,2025.0,12/2025,12-12
Block Level LSLR,CONSUMER,5945 S ARTESIAN AVE,In Progress-New Record,60629,16,,,,
Block Level LSLR,PUBLIC,5945 S ARTESIAN AVE,In Progress-New Record,60629,16,,,,
Block Level LSLR,CONSUMER,5945 S CAMPBELL AVE,Completed,60629,16,2025-12-10 00:00:00,2025.0,12/2025,12-10
Block Level LSLR,PUBLIC,5945 S CAMPBELL AVE,Completed,60629,16,2025-12-10 00:00:00,2025.0,12/2025,12-10
Block Level LSLR,CONSUMER,5948 S ARTESIAN AVE,In Progress-New Record,60629,16,,,,
Block Level LSLR,PUBLIC,5948 S ARTESIAN AVE,In Progress-New Record,60629,16,,,,
Block Level LSLR,CONSUMER,5948 S CAMPBELL AVE,Completed,60629,16,2025-12-18 00:00:00,2025.0,12/2025,12-18
Block Level LSLR,PUBLIC,5948 S CAMPBELL AVE,Completed,60629,16,2025-12-18 00:00:00,2025.0,12/2025,12-18
Block Level LSLR,CONSUMER,5949 S ARTESIAN AVE,In Progress-New Record,60629,16,,,,
Block Level LSLR,PUBLIC,5949 S ARTESIAN AVE,In Progress-New Record,60629,16,,,,
Block Level LSLR,CONSUMER,5949 S CAMPBELL AVE,Completed,60629,16,2025-12-10 00:00:00,2025.0,12/2025,12-10
Block Level LSLR,PUBLIC,5949 S CAMPBELL AVE,Completed,60629,16,2025-12-10 00:00:00,2025.0,12/2025,12-10
Block Level LSLR,CONSUMER,5950 S ARTESIAN AVE,In Progress-New Record,60629,16,,,,
Block Level LSLR,PUBLIC,5950 S ARTESIAN AVE,In Progress-New Record,60629,16,,,,
Block Level LSLR,CONSUMER,5951 S ARTESIAN AVE,In Progress-New Record,60629,16,,,,
Block Level LSLR,PUBLIC,5951 S ARTESIAN AVE,In Progress-New Record,60629,16,,,,
Block Level LSLR,CONSUMER,5951 S CAMPBELL AVE,Completed,60629,16,2025-12-10 00:00:00,2025.0,12/2025,12-10
Block Level LSLR,PUBLIC,5951 S CAMPBELL AVE,Completed,60629,16,2025-12-10 00:00:00,2025.0,12/2025,12-10
Block Level LSLR,CONSUMER,5952 S CAMPBELL AVE,Completed,60629,16,2025-12-16 00:00:00,2025.0,12/2025,12-16
Block Level LSLR,PUBLIC,5952 S CAMPBELL AVE,Completed,60629,16,2025-12-16 00:00:00,2025.0,12/2025,12-16
Block Level LSLR,CONSUMER,5954 S ARTESIAN AVE,In Progress-New Record,60629,16,,,,
Block Level LSLR,PUBLIC,5954 S ARTESIAN AVE,In Progress-New Record,60629,16,,,,
Block Level LSLR,PUBLIC,5954 S CAMPBELL AVE,Completed,60629,16,2025-12-12 00:00:00,2025.0,12/2025,12-12
Block Level LSLR,CONSUMER,5954 S CAMPBELL AVE,In Progress-New Record,60629,16,,,,
Block Level LSLR,CONSUMER,5955 S CAMPBELL AVE,Completed,60629,16,2025-12-16 00:00:00,2025.0,12/2025,12-16
Block Level LSLR,PUBLIC,5955 S CAMPBELL AVE,Completed,60629,16,2025-12-16 00:00:00,2025.0,12/2025,12-16
Block Level LSLR,CONSUMER,5959 S ARTESIAN AVE,In Progress-New Record,60629,16,,,,
Block Level LSLR,PUBLIC,5959 S ARTESIAN AVE,In Progress-New Record,60629,16,,,,
Block Level LSLR,CONSUMER,6000 S CAMPBELL AVE,Completed,60629,16,2025-12-18 00:00:00,2025.0,12/2025,12-18
Block Level LSLR,PUBLIC,6000 S CAMPBELL AVE,Completed,60629,16,2025-12-18 00:00:00,2025.0,12/2025,12-18
Block Level LSLR,PUBLIC,6004 S CAMPBELL AVE,In Progress-New Record,60629,16,,,,
Block Level LSLR,CONSUMER,6004 S CAMPBELL AVE,In Progress-New Record,60629,16,,,,
Block Level LSLR,CONSUMER,6006 S CAMPBELL AVE,In Progress-New Record,60629,16,,,,
Block Level LSLR,PUBLIC,6006 S CAMPBELL AVE,In Progress-New Record,60629,16,,,,
Block Level LSLR,CONSUMER,6010 S CAMPBELL AVE,In Progress-New Record,60629,16,,,,
Block Level LSLR,PUBLIC,6010 S CAMPBELL AVE,In Progress-New Record,60629,16,,,,
Block Level LSLR,CONSUMER,6011 S CAMPBELL AVE,Completed,60629,16,2025-12-19 12:13:00,2025.0,12/2025,12-19
Block Level LSLR,PUBLIC,6011 S CAMPBELL AVE,Completed,60629,16,2025-12-19 12:10:00,2025.0,12/2025,12-19
Block Level LSLR,CONSUMER,6030 S CAMPBELL AVE,In Progress-New Record,60629,16,,,,
Block Level LSLR,PUBLIC,6030 S CAMPBELL AVE,In Progress-New Record,60629,16,,,,
Block Level LSLR,CONSUMER,6035 S CAMPBELL AVE,In Progress-New Record,60629,16,,,,
Block Level LSLR,CONSUMER,6042 S CAMPBELL AVE,In Progress-New Record,60629,16,,,,
Block Level LSLR,CONSUMER,6053 S CAMPBELL AVE,In Progress-New Record,60629,16,,,,
Block Level LSLR,CONSUMER,6054 S CAMPBELL AVE,In Progress-New Record,60629,16,,,,
Block Level LSLR,PUBLIC,6054 S CAMPBELL AVE,In Progress-New Record,60629,16,,,,
Block Level LSLR,CONSUMER,6200 W BARRY AVE,In Progress,60634,30,,,,
Block Level LSLR,PUBLIC,6200 W BARRY AVE,In Progress,60634,30,,,,
Block Level LSLR,CONSUMER,6201 S HOYNE AVE,In Progress-New Record,60636,16,,,,
Block Level LSLR,PUBLIC,6201 S HOYNE AVE,In Progress-New Record,60636,16,,,,
Block Level LSLR,CONSUMER,6205 S HOYNE AVE,In Progress-New Record,60636,16,,,,
Block Level LSLR,PUBLIC,6205 S HOYNE AVE,In Progress-New Record,60636,16,,,,
Block Level LSLR,CONSUMER,6206 W BARRY AVE,In Progress-New Record,60634,30,,,,
Block Level LSLR,PUBLIC,6206 W BARRY AVE,In Progress,60634,30,,,,
Block Level LSLR,CONSUMER,6209 S HOYNE AVE,In Progress-New Record,60636,16,,,,
Block Level LSLR,PUBLIC,6209 S HOYNE AVE,In Progress-New Record,60636,16,,,,
Block Level LSLR,CONSUMER,6210 W BARRY AVE,In Progress,60634,30,,,,
Block Level LSLR,PUBLIC,6210 W BARRY AVE,In Progress,60634,30,,,,
Block Level LSLR,CONSUMER,6211 S HOYNE AVE,In Progress-New Record,60636,16,,,,
Block Level LSLR,PUBLIC,6211 S HOYNE AVE,In Progress-New Record,60636,16,,,,
Block Level LSLR,CONSUMER,6212 W BARRY AVE,In Progress,60634,30,,,,
Block Level LSLR,PUBLIC,6212 W BARRY AVE,In Progress,60634,30,,,,
Block Level LSLR,CONSUMER,6216 W BARRY AVE,Completed,60634,30,2025-09-22 00:00:00,2025.0,09/2025,09-22
Block Level LSLR,PUBLIC,6216 W BARRY AVE,Completed,60634,30,2025-09-22 14:28:00,2025.0,09/2025,09-22
Block Level LSLR,CONSUMER,6217 S HOYNE AVE,In Progress-New Record,60636,16,,,,
Block Level LSLR,PUBLIC,6217 S HOYNE AVE,In Progress-New Record,60636,16,,,,
Block Level LSLR,CONSUMER,6220 W BARRY AVE,Completed,60634,30,2025-09-22 00:00:00,2025.0,09/2025,09-22
Block Level LSLR,PUBLIC,6220 W BARRY AVE,Completed,60634,30,2025-09-22 10:19:00,2025.0,09/2025,09-22
Block Level LSLR,CONSUMER,6224 W BARRY AVE,In Progress,60634,30,,,,
Block Level LSLR,PUBLIC,6224 W BARRY AVE,In Progress,60634,30,,,,
Block Level LSLR,CONSUMER,6226 W BARRY AVE,Completed,60634,30,2025-09-22 00:00:00,2025.0,09/2025,09-22
Block Level LSLR,PUBLIC,6226 W BARRY AVE,Completed,60634,30,2025-09-22 10:38:00,2025.0,09/2025,09-22
Block Level LSLR,CONSUMER,6228 W BARRY AVE,Completed,60634,30,2025-09-22 00:00:00,2025.0,09/2025,09-22
Block Level LSLR,PUBLIC,6228 W BARRY AVE,Completed,60634,30,2025-09-22 11:43:00,2025.0,09/2025,09-22
Block Level LSLR,CONSUMER,6229 S HOYNE AVE,In Progress-New Record,60636,16,,,,
Block Level LSLR,CONSUMER,6229 S HOYNE AVE,In Progress-New Record,60636,16,,,,
Block Level LSLR,PUBLIC,6229 S HOYNE AVE,In Progress-New Record,60636,16,,,,
Block Level LSLR,PUBLIC,6229 S HOYNE AVE,In Progress-New Record,60636,16,,,,
Block Level LSLR,CONSUMER,6230 W BARRY AVE,Completed,60634,30,2025-10-21 00:00:00,2025.0,10/2025,10-21
Block Level LSLR,PUBLIC,6230 W BARRY AVE,In Progress,60634,30,,,,
Block Level LSLR,CONSUMER,6234 W BARRY AVE,In Progress,60634,30,,,,
Block Level LSLR,PUBLIC,6234 W BARRY AVE,In Progress,60634,30,,,,
Block Level LSLR,CONSUMER,6238 W BARRY AVE,In Progress,60634,30,,,,
Block Level LSLR,PUBLIC,6238 W BARRY AVE,In Progress,60634,30,,,,
Block Level LSLR,CONSUMER,6244 W BARRY AVE,In Progress,60634,30,,,,
Block Level LSLR,PUBLIC,6244 W BARRY AVE,In Progress,60634,30,,,,
Block Level LSLR,CONSUMER,6248 W BARRY AVE,Completed,60634,30,2025-09-22 00:00:00,2025.0,09/2025,09-22
Block Level LSLR,PUBLIC,6248 W BARRY AVE,Completed,60634,30,2025-09-22 14:07:00,2025.0,09/2025,09-22
Block Level LSLR,CONSUMER,6252 W BARRY AVE,Completed,60634,30,2025-10-21 00:00:00,2025.0,10/2025,10-21
Block Level LSLR,PUBLIC,6252 W BARRY AVE,In Progress,60634,30,,,,
Block Level LSLR,CONSUMER,6254 W BARRY AVE,Completed,60634,30,2025-09-04 00:00:00,2025.0,09/2025,09-04
Block Level LSLR,PUBLIC,6254 W BARRY AVE,Completed,60634,30,2025-09-04 12:48:00,2025.0,09/2025,09-04
Block Level LSLR,CONSUMER,6300 W BARRY AVE,In Progress,60634,30,,,,
Block Level LSLR,PUBLIC,6300 W BARRY AVE,In Progress,60634,30,,,,
Block Level LSLR,CONSUMER,6304 W BARRY AVE,In Progress,60634,30,,,,
Block Level LSLR,PUBLIC,6304 W BARRY AVE,In Progress,60634,30,,,,
Block Level LSLR,CONSUMER,6308 W BARRY AVE,Completed,60634,30,2025-09-04 00:00:00,2025.0,09/2025,09-04
Block Level LSLR,PUBLIC,6308 W BARRY AVE,Completed,60634,30,2025-09-04 14:36:00,2025.0,09/2025,09-04
Block Level LSLR,CONSUMER,6310 W BARRY AVE,Completed,60634,30,2025-09-04 00:00:00,2025.0,09/2025,09-04
Block Level LSLR,PUBLIC,6310 W BARRY AVE,Completed,60634,30,2025-09-04 14:01:00,2025.0,09/2025,09-04
Block Level LSLR,CONSUMER,6314 W BARRY AVE,In Progress,60634,30,,,,
Block Level LSLR,PUBLIC,6314 W BARRY AVE,In Progress,60634,30,,,,
Block Level LSLR,CONSUMER,6318 W BARRY AVE,Completed,60634,30,2025-09-04 00:00:00,2025.0,09/2025,09-04
Block Level LSLR,PUBLIC,6318 W BARRY AVE,Completed,60634,30,2025-09-04 12:59:00,2025.0,09/2025,09-04
Block Level LSLR,CONSUMER,6322 W BARRY AVE,Completed,60634,30,2025-09-03 00:00:00,2025.0,09/2025,09-03
Block Level LSLR,PUBLIC,6322 W BARRY AVE,Completed,60634,30,2025-09-03 13:03:00,2025.0,09/2025,09-03
Block Level LSLR,CONSUMER,6326 W BARRY AVE,In Progress,60634,30,,,,
Block Level LSLR,PUBLIC,6326 W BARRY AVE,In Progress,60634,30,,,,
Block Level LSLR,CONSUMER,6330 W BARRY AVE,Completed,60634,30,2025-09-03 00:00:00,2025.0,09/2025,09-03
Block Level LSLR,PUBLIC,6330 W BARRY AVE,Completed,60634,30,2025-09-03 11:51:00,2025.0,09/2025,09-03
Block Level LSLR,CONSUMER,6334 W BARRY AVE,Completed,60634,30,2025-09-03 00:00:00,2025.0,09/2025,09-03
Block Level LSLR,PUBLIC,6334 W BARRY AVE,Completed,60634,30,2025-09-03 15:07:00,2025.0,09/2025,09-03
Block Level LSLR,CONSUMER,6339 S EBERHART AVE,In Progress,60637,20,,,,
Block Level LSLR,PUBLIC,6339 S EBERHART AVE,In Progress,60637,20,,,,
Block Level LSLR,CONSUMER,6340 W BARRY AVE,Completed,60634,30,2025-09-03 00:00:00,2025.0,09/2025,09-03
Block Level LSLR,PUBLIC,6340 W BARRY AVE,Completed,60634,30,2025-09-03 11:33:00,2025.0,09/2025,09-03
Block Level LSLR,CONSUMER,6344 W BARRY AVE,In Progress,60634,30,,,,
Block Level LSLR,PUBLIC,6344 W BARRY AVE,In Progress,60634,30,,,,
Block Level LSLR,PUBLIC,6509 S MARSHFIELD AVE,In Progress,60636,15,,,,
Block Level LSLR,CONSUMER,7028 N MENDOTA AVE,In Progress-New Record,60646,45,,,,
Block Level LSLR,PUBLIC,7028 N MENDOTA AVE,In Progress-New Record,60646,45,,,,
Block Level LSLR,CONSUMER,7036 N MASON AVE,In Progress-New Record,60646,45,,,,
Block Level LSLR,PUBLIC,7036 N MASON AVE,In Progress-New Record,60646,45,,,,
Block Level LSLR,CONSUMER,7037 N MENDOTA AVE,In Progress-New Record,60646,45,,,,
Block Level LSLR,PUBLIC,7037 N MENDOTA AVE,In Progress-New Record,60646,45,,,,
Block Level LSLR,CONSUMER,7039 N MENDOTA AVE,In Progress-New Record,60646,45,,,,
Block Level LSLR,PUBLIC,7039 N MENDOTA AVE,In Progress-New Record,60646,45,,,,
Block Level LSLR,CONSUMER,7040 N MASON AVE,In Progress-New Record,60646,45,,,,
Block Level LSLR,PUBLIC,7040 N MASON AVE,In Progress-New Record,60646,45,,,,
Block Level LSLR,CONSUMER,7043 N MASON AVE,In Progress-New Record,60646,45,,,,
Block Level LSLR,PUBLIC,7043 N MASON AVE,In Progress-New Record,60646,45,,,,
Block Level LSLR,CONSUMER,7044 N MASON AVE,In Progress-New Record,60646,45,,,,
Block Level LSLR,PUBLIC,7044 N MASON AVE,In Progress-New Record,60646,45,,,,
Block Level LSLR,CONSUMER,7047 N MASON AVE,In Progress-New Record,60646,45,,,,
Block Level LSLR,PUBLIC,7047 N MASON AVE,In Progress-New Record,60646,45,,,,
Block Level LSLR,CONSUMER,7048 N MASON AVE,In Progress-New Record,60646,45,,,,
Block Level LSLR,PUBLIC,7048 N MASON AVE,In Progress-New Record,60646,45,,,,
Block Level LSLR,CONSUMER,7051 N MASON AVE,In Progress-New Record,60646,45,,,,
Block Level LSLR,PUBLIC,7051 N MASON AVE,In Progress-New Record,60646,45,,,,
Block Level LSLR,CONSUMER,7054 N MASON AVE,In Progress-New Record,60646,45,,,,
Block Level LSLR,PUBLIC,7054 N MASON AVE,In Progress-New Record,60646,45,,,,
Block Level LSLR,CONSUMER,7055 N MASON AVE,In Progress-New Record,60646,45,,,,
Block Level LSLR,PUBLIC,7055 N MASON AVE,In Progress-New Record,60646,45,,,,
Block Level LSLR,CONSUMER,7058 N MASON AVE,In Progress-New Record,60646,45,,,,
Block Level LSLR,PUBLIC,7058 N MASON AVE,In Progress-New Record,60646,45,,,,
Block Level LSLR,CONSUMER,7061 N MASON AVE,In Progress-New Record,60646,45,,,,
Block Level LSLR,PUBLIC,7061 N MASON AVE,In Progress-New Record,60646,45,,,,
Block Level LSLR,CONSUMER,7062 N MASON AVE,In Progress-New Record,60646,45,,,,
Block Level LSLR,PUBLIC,7062 N MASON AVE,In Progress-New Record,60646,45,,,,
Block Level LSLR,CONSUMER,7065 N MASON AVE,In Progress-New Record,60646,45,,,,
Block Level LSLR,PUBLIC,7065 N MASON AVE,In Progress-New Record,60646,45,,,,
Block Level LSLR,CONSUMER,7066 N MASON AVE,In Progress-New Record,60646,45,,,,
Block Level LSLR,PUBLIC,7066 N MASON AVE,In Progress-New Record,60646,45,,,,
Block Level LSLR,CONSUMER,7069 N MASON AVE,In Progress-New Record,60646,45,,,,
Block Level LSLR,PUBLIC,7069 N MASON AVE,In Progress-New Record,60646,45,,,,
Block Level LSLR,CONSUMER,7070 N MASON AVE,In Progress-New Record,60646,45,,,,
Block Level LSLR,PUBLIC,7070 N MASON AVE,In Progress-New Record,60646,45,,,,
Block Level LSLR,CONSUMER,7073 N MASON AVE,In Progress-New Record,60646,45,,,,
Block Level LSLR,PUBLIC,7073 N MASON AVE,In Progress-New Record,60646,45,,,,
Block Level LSLR,CONSUMER,7076 N MASON AVE,In Progress-New Record,60646,45,,,,
Block Level LSLR,PUBLIC,7076 N MASON AVE,In Progress-New Record,60646,45,,,,
Block Level LSLR,CONSUMER,7081 N MASON AVE,In Progress-New Record,60646,45,,,,
Block Level LSLR,PUBLIC,7081 N MASON AVE,In Progress-New Record,60646,45,,,,
Block Level LSLR,CONSUMER,7085 N MASON AVE,In Progress-New Record,60646,45,,,,
Block Level LSLR,PUBLIC,7085 N MASON AVE,In Progress-New Record,60646,45,,,,
Block Level LSLR,CONSUMER,7089 N MASON AVE,In Progress-New Record,60646,45,,,,
Block Level LSLR,PUBLIC,7089 N MASON AVE,In Progress-New Record,60646,45,,,,
Block Level LSLR,CONSUMER,7300 S PHILLIPS AVE,In Progress-New Record,60649,7,,,,
Block Level LSLR,PUBLIC,7300 S PHILLIPS AVE,In Progress-New Record,60649,7,,,,
Block Level LSLR,CONSUMER,7306 S PHILLIPS AVE,In Progress-New Record,60649,7,,,,
Block Level LSLR,PUBLIC,7306 S PHILLIPS AVE,In Progress-New Record,60649,7,,,,
Block Level LSLR,CONSUMER,7310 S KINGSTON AVE,In Progress-New Record,60649,7,,,,
Block Level LSLR,PUBLIC,7310 S KINGSTON AVE,In Progress-New Record,60649,7,,,,
Block Level LSLR,CONSUMER,7310 S PHILLIPS AVE,In Progress-New Record,60649,7,,,,
Block Level LSLR,PUBLIC,7310 S PHILLIPS AVE,In Progress-New Record,60649,7,,,,
Block Level LSLR,CONSUMER,7311 S PHILLIPS AVE,In Progress-New Record,60649,7,,,,
Block Level LSLR,PUBLIC,7311 S PHILLIPS AVE,In Progress-New Record,60649,7,,,,
Block Level LSLR,CONSUMER,7314 16 S PHILLIPS AVE,In Progress-New Record,60649,7,,,,
Block Level LSLR,PUBLIC,7314 16 S PHILLIPS AVE,In Progress-New Record,60649,7,,,,
Block Level LSLR,CONSUMER,7314 S KINGSTON AVE,In Progress-New Record,60649,7,,,,
Block Level LSLR,PUBLIC,7314 S KINGSTON AVE,In Progress-New Record,60649,7,,,,
Block Level LSLR,CONSUMER,7315 S PHILLIPS AVE,In Progress-New Record,60649,7,,,,
Block Level LSLR,PUBLIC,7315 S PHILLIPS AVE,In Progress-New Record,60649,7,,,,
Block Level LSLR,CONSUMER,7318 S KINGSTON AVE,In Progress-New Record,60649,7,,,,
Block Level LSLR,PUBLIC,7318 S KINGSTON AVE,In Progress-New Record,60649,7,,,,
Block Level LSLR,CONSUMER,7319 S PHILLIPS AVE,In Progress-New Record,60649,7,,,,
Block Level LSLR,PUBLIC,7319 S PHILLIPS AVE,In Progress-New Record,60649,7,,,,
Block Level LSLR,CONSUMER,7321 29 S KINGSTON AVE,In Progress-New Record,60649,7,,,,
Block Level LSLR,PUBLIC,7321 29 S KINGSTON AVE,In Progress-New Record,60649,7,,,,
Block Level LSLR,CONSUMER,7322 S KINGSTON AVE,In Progress-New Record,60649,7,,,,
Block Level LSLR,PUBLIC,7322 S KINGSTON AVE,In Progress-New Record,60649,7,,,,
Block Level LSLR,CONSUMER,7323 S PHILLIPS AVE,In Progress-New Record,60649,7,,,,
Block Level LSLR,PUBLIC,7323 S PHILLIPS AVE,In Progress-New Record,60649,7,,,,
Block Level LSLR,CONSUMER,7325 27 S PHILLIPS AVE,In Progress-New Record,60649,7,,,,
Block Level LSLR,PUBLIC,7325 27 S PHILLIPS AVE,In Progress-New Record,60649,7,,,,
Block Level LSLR,CONSUMER,7326 S KINGSTON AVE,In Progress-New Record,60649,7,,,,
Block Level LSLR,PUBLIC,7326 S KINGSTON AVE,In Progress-New Record,60649,7,,,,
Block Level LSLR,CONSUMER,7331 S KINGSTON AVE,In Progress-New Record,60649,7,,,,
Block Level LSLR,PUBLIC,7331 S KINGSTON AVE,In Progress-New Record,60649,7,,,,
Block Level LSLR,CONSUMER,7332 S PHILLIPS AVE,In Progress-New Record,60649,7,,,,
Block Level LSLR,PUBLIC,7332 S PHILLIPS AVE,In Progress-New Record,60649,7,,,,
Block Level LSLR,CONSUMER,7335 S KINGSTON AVE,In Progress-New Record,60649,7,,,,
Block Level LSLR,PUBLIC,7335 S KINGSTON AVE,In Progress-New Record,60649,7,,,,
Block Level LSLR,CONSUMER,7336 S KINGSTON AVE,In Progress-New Record,60649,7,,,,
Block Level LSLR,PUBLIC,7336 S KINGSTON AVE,In Progress-New Record,60649,7,,,,
Block Level LSLR,CONSUMER,7336 S PHILLIPS AVE,In Progress-New Record,60649,7,,,,
Block Level LSLR,PUBLIC,7336 S PHILLIPS AVE,In Progress-New Record,60649,7,,,,
Block Level LSLR,CONSUMER,7337 S KINGSTON AVE,In Progress-New Record,60649,7,,,,
Block Level LSLR,PUBLIC,7337 S KINGSTON AVE,In Progress-New Record,60649,7,,,,
Block Level LSLR,CONSUMER,7341 S KINGSTON AVE,In Progress-New Record,60649,7,,,,
Block Level LSLR,PUBLIC,7341 S KINGSTON AVE,In Progress-New Record,60649,7,,,,
Block Level LSLR,CONSUMER,7342 46 S KINGSTON AVE,In Progress-New Record,60649,7,,,,
Block Level LSLR,PUBLIC,7342 46 S KINGSTON AVE,In Progress-New Record,60649,7,,,,
Block Level LSLR,CONSUMER,7342 S PHILLIPS AVE,In Progress-New Record,60649,7,,,,
Block Level LSLR,PUBLIC,7342 S PHILLIPS AVE,In Progress-New Record,60649,7,,,,
Block Level LSLR,CONSUMER,7344 S PHILLIPS AVE,In Progress-New Record,60649,7,,,,
Block Level LSLR,PUBLIC,7344 S PHILLIPS AVE,In Progress-New Record,60649,7,,,,
Block Level LSLR,CONSUMER,7346 S PHILLIPS AVE,In Progress-New Record,60649,7,,,,
Block Level LSLR,PUBLIC,7346 S PHILLIPS AVE,In Progress-New Record,60649,7,,,,
Block Level LSLR,CONSUMER,7347 53 S KINGSTON AVE,In Progress-New Record,60649,7,,,,
Block Level LSLR,PUBLIC,7347 53 S KINGSTON AVE,In Progress-New Record,60649,7,,,,
Block Level LSLR,CONSUMER,7349 S PHILLIPS AVE,In Progress-New Record,60649,7,,,,
Block Level LSLR,PUBLIC,7349 S PHILLIPS AVE,In Progress-New Record,60649,7,,,,
Block Level LSLR,CONSUMER,7351 S PHILLIPS AVE,In Progress-New Record,60649,7,,,,
Block Level LSLR,PUBLIC,7351 S PHILLIPS AVE,In Progress-New Record,60649,7,,,,
Block Level LSLR,CONSUMER,7353 S PHILLIPS AVE,In Progress-New Record,60649,7,,,,
Block Level LSLR,PUBLIC,7353 S PHILLIPS AVE,In Progress-New Record,60649,7,,,,
Block Level LSLR,CONSUMER,7355 S KINGSTON AVE,In Progress-New Record,60649,7,,,,
Block Level LSLR,PUBLIC,7355 S KINGSTON AVE,In Progress-New Record,60649,7,,,,
Block Level LSLR,CONSUMER,7400 S PHILLIPS AVE,In Progress-New Record,60649,7,,,,
Block Level LSLR,PUBLIC,7400 S PHILLIPS AVE,In Progress-New Record,60649,7,,,,
Block Level LSLR,CONSUMER,7401 S YATES BLVD,In Progress-New Record,60649,7,,,,
Block Level LSLR,PUBLIC,7401 S YATES BLVD,In Progress-New Record,60649,7,,,,
Block Level LSLR,CONSUMER,7412 S PHILLIPS AVE,In Progress-New Record,60649,7,,,,
Block Level LSLR,PUBLIC,7412 S PHILLIPS AVE,In Progress-New Record,60649,7,,,,
Block Level LSLR,CONSUMER,7420 S PHILLIPS AVE,In Progress-New Record,60649,7,,,,
Block Level LSLR,PUBLIC,7420 S PHILLIPS AVE,In Progress-New Record,60649,7,,,,
Block Level LSLR,CONSUMER,7428 S PHILLIPS AVE,In Progress-New Record,60649,7,,,,
Block Level LSLR,PUBLIC,7428 S PHILLIPS AVE,In Progress-New Record,60649,7,,,,
Block Level LSLR,CONSUMER,7446 S PHILLIPS AVE,In Progress-New Record,60649,7,,,,
Block Level LSLR,PUBLIC,7446 S PHILLIPS AVE,In Progress-New Record,60649,7,,,,
Block Level LSLR,CONSUMER,7532 S MARSHFIELD AVE,Completed,60620,17,2025-12-08 00:00:00,2025.0,12/2025,12-08
Block Level LSLR,PUBLIC,7532 S MARSHFIELD AVE,Completed,60620,17,2025-12-08 00:00:00,2025.0,12/2025,12-08
Block Level LSLR,CONSUMER,7535 S MARSHFIELD AVE,Completed,60620,17,2025-12-09 00:00:00,2025.0,12/2025,12-09
Block Level LSLR,PUBLIC,7535 S MARSHFIELD AVE,Completed,60620,17,2025-12-09 00:00:00,2025.0,12/2025,12-09
Block Level LSLR,CONSUMER,7536 S MARSHFIELD AVE,Completed,60620,17,2025-12-10 00:00:00,2025.0,12/2025,12-10
Block Level LSLR,PUBLIC,7536 S MARSHFIELD AVE,Completed,60620,17,2025-12-10 00:00:00,2025.0,12/2025,12-10
Block Level LSLR,CONSUMER,7538 S MARSHFIELD AVE,Completed,60620,17,2025-12-09 00:00:00,2025.0,12/2025,12-09
Block Level LSLR,PUBLIC,7538 S MARSHFIELD AVE,Completed,60620,17,2025-12-09 00:00:00,2025.0,12/2025,12-09
Block Level LSLR,CONSUMER,7541 S MARSHFIELD AVE,Completed,60620,17,2025-12-08 00:00:00,2025.0,12/2025,12-08
Block Level LSLR,PUBLIC,7541 S MARSHFIELD AVE,Completed,60620,17,2025-12-08 00:00:00,2025.0,12/2025,12-08
Block Level LSLR,CONSUMER,7544 S MARSHFIELD AVE,Completed,60620,17,2025-12-11 00:00:00,2025.0,12/2025,12-11
Block Level LSLR,PUBLIC,7544 S MARSHFIELD AVE,Completed,60620,17,2025-12-11 00:00:00,2025.0,12/2025,12-11
Block Level LSLR,CONSUMER,7545 S MARSHFIELD AVE,Completed,60620,17,2025-12-10 00:00:00,2025.0,12/2025,12-10
Block Level LSLR,PUBLIC,7545 S MARSHFIELD AVE,Completed,60620,17,2025-12-10 00:00:00,2025.0,12/2025,12-10
Block Level LSLR,CONSUMER,7546 S MARSHFIELD AVE,Completed,60620,17,2025-12-11 00:00:00,2025.0,12/2025,12-11
Block Level LSLR,PUBLIC,7546 S MARSHFIELD AVE,Completed,60620,17,2025-12-11 00:00:00,2025.0,12/2025,12-11
Block Level LSLR,PUBLIC,7547 S MARSHFIELD AVE,Completed,60620,17,2025-12-16 00:00:00,2025.0,12/2025,12-16
Block Level LSLR,CONSUMER,7547 S MARSHFIELD AVE,Completed,60620,17,2025-12-15 12:34:00,2025.0,12/2025,12-15
Block Level LSLR,CONSUMER,7548 S MARSHFIELD AVE,Completed,60620,17,2025-12-18 00:00:00,2025.0,12/2025,12-18
Block Level LSLR,PUBLIC,7548 S MARSHFIELD AVE,Completed,60620,17,2025-12-18 00:00:00,2025.0,12/2025,12-18
Block Level LSLR,CONSUMER,7550 S MARSHFIELD AVE,Completed,60620,17,2025-12-15 00:00:00,2025.0,12/2025,12-15
Block Level LSLR,PUBLIC,7550 S MARSHFIELD AVE,Completed,60620,17,2025-12-16 00:00:00,2025.0,12/2025,12-16
Block Level LSLR,CONSUMER,7551 S MARSHFIELD AVE,Completed,60620,17,2025-12-12 00:00:00,2025.0,12/2025,12-12
Block Level LSLR,PUBLIC,7551 S MARSHFIELD AVE,Completed,60620,17,2025-12-12 00:00:00,2025.0,12/2025,12-12
Block Level LSLR,CONSUMER,7554 S MARSHFIELD AVE,Completed,60620,17,2025-12-16 00:00:00,2025.0,12/2025,12-16
Block Level LSLR,PUBLIC,7554 S MARSHFIELD AVE,Completed,60620,17,2025-12-16 00:00:00,2025.0,12/2025,12-16
Block Level LSLR,CONSUMER,7555 S MARSHFIELD AVE,Completed,60620,17,2025-12-16 00:00:00,2025.0,12/2025,12-16
Block Level LSLR,PUBLIC,7555 S MARSHFIELD AVE,Completed,60620,17,2025-12-16 00:00:00,2025.0,12/2025,12-16
Block Level LSLR,CONSUMER,7558 S MARSHFIELD AVE,Completed,60620,17,2025-12-12 00:00:00,2025.0,12/2025,12-12
Block Level LSLR,PUBLIC,7558 S MARSHFIELD AVE,Completed,60620,17,2025-12-12 00:00:00,2025.0,12/2025,12-12
Block Level LSLR,CONSUMER,7559 S MARSHFIELD AVE,Completed,60620,17,2025-12-17 00:00:00,2025.0,12/2025,12-17
Block Level LSLR,PUBLIC,7559 S MARSHFIELD AVE,Completed,60620,17,2025-12-17 00:00:00,2025.0,12/2025,12-17
Block Level LSLR,CONSUMER,7600 S HERMITAGE AVE,In Progress-New Record,60620,17,,,,
Block Level LSLR,PUBLIC,7600 S HERMITAGE AVE,In Progress-New Record,60620,17,,,,
Block Level LSLR,CONSUMER,7603 S HERMITAGE AVE,In Progress-New Record,60620,17,,,,
Block Level LSLR,PUBLIC,7603 S HERMITAGE AVE,In Progress-New Record,60620,17,,,,
Block Level LSLR,CONSUMER,7604 S HERMITAGE AVE,In Progress-New Record,60620,17,,,,
Block Level LSLR,PUBLIC,7604 S HERMITAGE AVE,In Progress-New Record,60620,17,,,,
Block Level LSLR,CONSUMER,7605 S MARSHFIELD AVE,In Progress-New Record,60620,17,,,,
Block Level LSLR,PUBLIC,7605 S MARSHFIELD AVE,In Progress-New Record,60620,17,,,,
Block Level LSLR,CONSUMER,7606 S HERMITAGE AVE,In Progress-New Record,60620,17,,,,
Block Level LSLR,PUBLIC,7606 S HERMITAGE AVE,In Progress-New Record,60620,17,,,,
Block Level LSLR,CONSUMER,7606 S MARSHFIELD AVE,In Progress-New Record,60620,17,,,,
Block Level LSLR,PUBLIC,7606 S MARSHFIELD AVE,In Progress-New Record,60620,17,,,,
Block Level LSLR,CONSUMER,7607 S HERMITAGE AVE,In Progress-New Record,60620,17,,,,
Block Level LSLR,PUBLIC,7607 S HERMITAGE AVE,In Progress-New Record,60620,17,,,,
Block Level LSLR,CONSUMER,7607 S MARSHFIELD AVE,In Progress-New Record,60620,17,,,,
Block Level LSLR,PUBLIC,7607 S MARSHFIELD AVE,In Progress-New Record,60620,17,,,,
Block Level LSLR,CONSUMER,7610 S HERMITAGE AVE,In Progress-New Record,60620,17,,,,
Block Level LSLR,PUBLIC,7610 S HERMITAGE AVE,In Progress-New Record,60620,17,,,,
Block Level LSLR,CONSUMER,7610 S MARSHFIELD AVE,In Progress-New Record,60620,17,,,,
Block Level LSLR,PUBLIC,7610 S MARSHFIELD AVE,In Progress-New Record,60620,17,,,,
Block Level LSLR,CONSUMER,7611 S HERMITAGE AVE,In Progress-New Record,60620,17,,,,
Block Level LSLR,PUBLIC,7611 S HERMITAGE AVE,In Progress-New Record,60620,17,,,,
Block Level LSLR,CONSUMER,7611 S MARSHFIELD AVE,In Progress-New Record,60620,17,,,,
Block Level LSLR,PUBLIC,7611 S MARSHFIELD AVE,In Progress-New Record,60620,17,,,,
Block Level LSLR,CONSUMER,7612 S HERMITAGE AVE,In Progress-New Record,60620,17,,,,
Block Level LSLR,PUBLIC,7612 S HERMITAGE AVE,In Progress-New Record,60620,17,,,,
Block Level LSLR,CONSUMER,7613 S HERMITAGE AVE,In Progress-New Record,60620,17,,,,
Block Level LSLR,PUBLIC,7613 S HERMITAGE AVE,In Progress-New Record,60620,17,,,,
Block Level LSLR,CONSUMER,7613 S MARSHFIELD AVE,In Progress-New Record,60620,17,,,,
Block Level LSLR,PUBLIC,7613 S MARSHFIELD AVE,In Progress-New Record,60620,17,,,,
Block Level LSLR,CONSUMER,7614 S HERMITAGE AVE,In Progress-New Record,60620,17,,,,
Block Level LSLR,PUBLIC,7614 S HERMITAGE AVE,In Progress-New Record,60620,17,,,,
Block Level LSLR,CONSUMER,7616 S MARSHFIELD AVE,In Progress-New Record,60620,17,,,,
Block Level LSLR,PUBLIC,7616 S MARSHFIELD AVE,In Progress-New Record,60620,17,,,,
Block Level LSLR,CONSUMER,7617 S HERMITAGE AVE,In Progress-New Record,60620,17,,,,
Block Level LSLR,PUBLIC,7617 S HERMITAGE AVE,In Progress-New Record,60620,17,,,,
Block Level LSLR,CONSUMER,7617 S MARSHFIELD AVE,In Progress-New Record,60620,17,,,,
Block Level LSLR,PUBLIC,7617 S MARSHFIELD AVE,In Progress-New Record,60620,17,,,,
Block Level LSLR,CONSUMER,7618 S HERMITAGE AVE,In Progress-New Record,60620,17,,,,
Block Level LSLR,PUBLIC,7618 S HERMITAGE AVE,In Progress-New Record,60620,17,,,,
Block Level LSLR,CONSUMER,7618 S MARSHFIELD AVE,In Progress-New Record,60620,17,,,,
Block Level LSLR,PUBLIC,7618 S MARSHFIELD AVE,In Progress-New Record,60620,17,,,,
Block Level LSLR,CONSUMER,7619 S HERMITAGE AVE,In Progress-New Record,60620,17,,,,
Block Level LSLR,PUBLIC,7619 S HERMITAGE AVE,In Progress-New Record,60620,17,,,,
Block Level LSLR,CONSUMER,7619 S MARSHFIELD AVE,In Progress-New Record,60620,17,,,,
Block Level LSLR,PUBLIC,7619 S MARSHFIELD AVE,In Progress-New Record,60620,17,,,,
Block Level LSLR,CONSUMER,7622 S HERMITAGE AVE,In Progress-New Record,60620,17,,,,
Block Level LSLR,PUBLIC,7622 S HERMITAGE AVE,In Progress-New Record,60620,17,,,,
Block Level LSLR,CONSUMER,7622 S MARSHFIELD AVE,In Progress-New Record,60620,17,,,,
Block Level LSLR,PUBLIC,7622 S MARSHFIELD AVE,In Progress-New Record,60620,17,,,,
Block Level LSLR,CONSUMER,7623 S HERMITAGE AVE,In Progress-New Record,60620,17,,,,
Block Level LSLR,PUBLIC,7623 S HERMITAGE AVE,In Progress-New Record,60620,17,,,,
Block Level LSLR,CONSUMER,7623 S MARSHFIELD AVE,In Progress-New Record,60620,17,,,,
Block Level LSLR,PUBLIC,7623 S MARSHFIELD AVE,In Progress-New Record,60620,17,,,,
Block Level LSLR,CONSUMER,7624 S HERMITAGE AVE,In Progress-New Record,60620,17,,,,
Block Level LSLR,PUBLIC,7624 S HERMITAGE AVE,In Progress-New Record,60620,17,,,,
Block Level LSLR,CONSUMER,7625 S HERMITAGE AVE,In Progress-New Record,60620,17,,,,
Block Level LSLR,PUBLIC,7625 S HERMITAGE AVE,In Progress-New Record,60620,17,,,,
Block Level LSLR,CONSUMER,7625 S MARSHFIELD AVE,In Progress-New Record,60620,17,,,,
Block Level LSLR,PUBLIC,7625 S MARSHFIELD AVE,In Progress-New Record,60620,17,,,,
Block Level LSLR,CONSUMER,7628 S HERMITAGE AVE,In Progress-New Record,60620,17,,,,
Block Level LSLR,PUBLIC,7628 S HERMITAGE AVE,In Progress-New Record,60620,17,,,,
Block Level LSLR,CONSUMER,7628 S MARSHFIELD AVE,In Progress-New Record,60620,17,,,,
Block Level LSLR,PUBLIC,7628 S MARSHFIELD AVE,In Progress-New Record,60620,17,,,,
Block Level LSLR,CONSUMER,7629 S HERMITAGE AVE,In Progress-New Record,60620,17,,,,
Block Level LSLR,PUBLIC,7629 S HERMITAGE AVE,In Progress-New Record,60620,17,,,,
Block Level LSLR,CONSUMER,7629 S MARSHFIELD AVE,In Progress-New Record,60620,17,,,,
Block Level LSLR,PUBLIC,7629 S MARSHFIELD AVE,In Progress-New Record,60620,17,,,,
Block Level LSLR,CONSUMER,7630 S HERMITAGE AVE,In Progress-New Record,60620,17,,,,
Block Level LSLR,PUBLIC,7630 S HERMITAGE AVE,In Progress-New Record,60620,17,,,,
Block Level LSLR,CONSUMER,7630 S MARSHFIELD AVE,In Progress-New Record,60620,17,,,,
Block Level LSLR,PUBLIC,7630 S MARSHFIELD AVE,In Progress-New Record,60620,17,,,,
Block Level LSLR,CONSUMER,7631 S HERMITAGE AVE,In Progress-New Record,60620,17,,,,
Block Level LSLR,PUBLIC,7631 S HERMITAGE AVE,In Progress-New Record,60620,17,,,,
Block Level LSLR,CONSUMER,7631 S MARSHFIELD AVE,In Progress-New Record,60620,17,,,,
Block Level LSLR,PUBLIC,7631 S MARSHFIELD AVE,In Progress-New Record,60620,17,,,,
Block Level LSLR,CONSUMER,7634 S HERMITAGE AVE,In Progress-New Record,60620,17,,,,
Block Level LSLR,PUBLIC,7634 S HERMITAGE AVE,In Progress-New Record,60620,17,,,,
Block Level LSLR,CONSUMER,7634 S MARSHFIELD AVE,In Progress-New Record,60620,17,,,,
Block Level LSLR,PUBLIC,7634 S MARSHFIELD AVE,In Progress-New Record,60620,17,,,,
Block Level LSLR,CONSUMER,7635 S HERMITAGE AVE,In Progress-New Record,60620,17,,,,
Block Level LSLR,PUBLIC,7635 S HERMITAGE AVE,In Progress-New Record,60620,17,,,,
Block Level LSLR,CONSUMER,7636 S HERMITAGE AVE,In Progress-New Record,60620,17,,,,
Block Level LSLR,PUBLIC,7636 S HERMITAGE AVE,In Progress-New Record,60620,17,,,,
Block Level LSLR,CONSUMER,7636 S MARSHFIELD AVE,In Progress-New Record,60620,17,,,,
Block Level LSLR,PUBLIC,7636 S MARSHFIELD AVE,In Progress-New Record,60620,17,,,,
Block Level LSLR,CONSUMER,7637 S HERMITAGE AVE,In Progress-New Record,60620,17,,,,
Block Level LSLR,PUBLIC,7637 S HERMITAGE AVE,In Progress-New Record,60620,17,,,,
Block Level LSLR,CONSUMER,7637 S MARSHFIELD AVE,In Progress-New Record,60620,17,,,,
Block Level LSLR,PUBLIC,7637 S MARSHFIELD AVE,In Progress-New Record,60620,17,,,,
Block Level LSLR,CONSUMER,7640 S HERMITAGE AVE,In Progress-New Record,60620,17,,,,
Block Level LSLR,PUBLIC,7640 S HERMITAGE AVE,In Progress-New Record,60620,17,,,,
Block Level LSLR,CONSUMER,7640 S MARSHFIELD AVE,In Progress-New Record,60620,17,,,,
Block Level LSLR,PUBLIC,7640 S MARSHFIELD AVE,In Progress-New Record,60620,17,,,,
Block Level LSLR,CONSUMER,7641 S HERMITAGE AVE,In Progress-New Record,60620,17,,,,
Block Level LSLR,PUBLIC,7641 S HERMITAGE AVE,In Progress-New Record,60620,17,,,,
Block Level LSLR,CONSUMER,7641 S MARSHFIELD AVE,In Progress-New Record,60620,17,,,,
Block Level LSLR,PUBLIC,7641 S MARSHFIELD AVE,In Progress-New Record,60620,17,,,,
Block Level LSLR,CONSUMER,7642 S HERMITAGE AVE,In Progress-New Record,60620,17,,,,
Block Level LSLR,PUBLIC,7642 S HERMITAGE AVE,In Progress-New Record,60620,17,,,,
Block Level LSLR,CONSUMER,7642 S MARSHFIELD AVE,In Progress-New Record,60620,17,,,,
Block Level LSLR,PUBLIC,7642 S MARSHFIELD AVE,In Progress-New Record,60620,17,,,,
Block Level LSLR,CONSUMER,7643 S HERMITAGE AVE,In Progress-New Record,60620,17,,,,
Block Level LSLR,PUBLIC,7643 S HERMITAGE AVE,In Progress-New Record,60620,17,,,,
Block Level LSLR,CONSUMER,7643 S MARSHFIELD AVE,In Progress-New Record,60620,17,,,,
Block Level LSLR,PUBLIC,7643 S MARSHFIELD AVE,In Progress-New Record,60620,17,,,,
Block Level LSLR,CONSUMER,7644 S MARSHFIELD AVE,In Progress-New Record,60620,17,,,,
Block Level LSLR,PUBLIC,7644 S MARSHFIELD AVE,In Progress-New Record,60620,17,,,,
Block Level LSLR,CONSUMER,7646 S HERMITAGE AVE,In Progress-New Record,60620,17,,,,
Block Level LSLR,PUBLIC,7646 S HERMITAGE AVE,In Progress-New Record,60620,17,,,,
Block Level LSLR,CONSUMER,7647 S HERMITAGE AVE,In Progress-New Record,60620,17,,,,
Block Level LSLR,PUBLIC,7647 S HERMITAGE AVE,In Progress-New Record,60620,17,,,,
Block Level LSLR,CONSUMER,7648 S HERMITAGE AVE,In Progress-New Record,60620,17,,,,
Block Level LSLR,PUBLIC,7648 S HERMITAGE AVE,In Progress-New Record,60620,17,,,,
Block Level LSLR,CONSUMER,7649 S HERMITAGE AVE,In Progress-New Record,60620,17,,,,
Block Level LSLR,PUBLIC,7649 S HERMITAGE AVE,In Progress-New Record,60620,17,,,,
Block Level LSLR,CONSUMER,7649 S MARSHFIELD AVE,In Progress-New Record,60620,17,,,,
Block Level LSLR,PUBLIC,7649 S MARSHFIELD AVE,In Progress-New Record,60620,17,,,,
Block Level LSLR,CONSUMER,7650 S HERMITAGE AVE,In Progress-New Record,60620,17,,,,
Block Level LSLR,PUBLIC,7650 S HERMITAGE AVE,In Progress-New Record,60620,17,,,,
Block Level LSLR,CONSUMER,7651 57 S HERMITAGE AVE,In Progress-New Record,60620,17,,,,
Block Level LSLR,PUBLIC,7651 57 S HERMITAGE AVE,In Progress-New Record,60620,17,,,,
Block Level LSLR,CONSUMER,7652 S MARSHFIELD AVE,In Progress-New Record,60620,17,,,,
Block Level LSLR,PUBLIC,7652 S MARSHFIELD AVE,In Progress-New Record,60620,17,,,,
Block Level LSLR,CONSUMER,7653 S MARSHFIELD AVE,In Progress-New Record,60620,17,,,,
Block Level LSLR,PUBLIC,7653 S MARSHFIELD AVE,In Progress-New Record,60620,17,,,,
Block Level LSLR,CONSUMER,7654 58 S HERMITAGE AVE,In Progress-New Record,60620,17,,,,
Block Level LSLR,PUBLIC,7654 58 S HERMITAGE AVE,In Progress-New Record,60620,17,,,,
Block Level LSLR,CONSUMER,7654 58 S MARSHFIELD AVE,In Progress-New Record,60620,17,,,,
Block Level LSLR,PUBLIC,7654 58 S MARSHFIELD AVE,In Progress-New Record,60620,17,,,,
Block Level LSLR,CONSUMER,7912 S JEFFERY BLVD,Completed,60617,8,2025-12-09 00:00:00,2025.0,12/2025,12-09
Block Level LSLR,PUBLIC,7912 S JEFFERY BLVD,Completed,60617,8,2025-12-09 00:00:00,2025.0,12/2025,12-09
Block Level LSLR,CONSUMER,7915 S JEFFERY BLVD,Completed,60617,8,2025-12-09 00:00:00,2025.0,12/2025,12-09
Block Level LSLR,PUBLIC,7915 S JEFFERY BLVD,Completed,60617,8,2025-12-09 00:00:00,2025.0,12/2025,12-09
Block Level LSLR,CONSUMER,7916 S JEFFERY BLVD,Completed,60617,8,2025-12-08 00:00:00,2025.0,12/2025,12-08
Block Level LSLR,PUBLIC,7916 S JEFFERY BLVD,Completed,60617,8,2025-12-08 00:00:00,2025.0,12/2025,12-08
Block Level LSLR,CONSUMER,7917 S JEFFERY BLVD,Completed,60617,8,2025-12-08 00:00:00,2025.0,12/2025,12-08
Block Level LSLR,PUBLIC,7917 S JEFFERY BLVD,Completed,60617,8,2025-12-08 00:00:00,2025.0,12/2025,12-08
Block Level LSLR,CONSUMER,7923 S JEFFERY BLVD,Completed,60617,8,2025-12-05 00:00:00,2025.0,12/2025,12-05
Block Level LSLR,PUBLIC,7923 S JEFFERY BLVD,Completed,60617,8,2025-12-05 00:00:00,2025.0,12/2025,12-05
Block Level LSLR,CONSUMER,7924 S JEFFERY BLVD,Completed,60617,8,2025-12-05 00:00:00,2025.0,12/2025,12-05
Block Level LSLR,PUBLIC,7924 S JEFFERY BLVD,Completed,60617,8,2025-12-05 00:00:00,2025.0,12/2025,12-05
Block Level LSLR,PUBLIC,7927 S JEFFERY BLVD,Completed,60617,8,2025-12-04 00:00:00,2025.0,12/2025,12-04
Block Level LSLR,CONSUMER,7927 S JEFFERY BLVD,Completed,60617,8,2025-12-04 22:49:00,2025.0,12/2025,12-04
Block Level LSLR,CONSUMER,7929 S JEFFERY BLVD,Completed,60617,8,2025-12-04 00:00:00,2025.0,12/2025,12-04
Block Level LSLR,PUBLIC,7929 S JEFFERY BLVD,Completed,60617,8,2025-12-04 00:00:00,2025.0,12/2025,12-04
Block Level LSLR,CONSUMER,7930 S JEFFERY BLVD,Completed,60617,8,2025-12-03 00:00:00,2025.0,12/2025,12-03
Block Level LSLR,PUBLIC,7930 S JEFFERY BLVD,Completed,60617,8,2025-12-03 00:00:00,2025.0,12/2025,12-03
Block Level LSLR,CONSUMER,7931 S JEFFERY BLVD,Completed,60617,8,2025-12-03 00:00:00,2025.0,12/2025,12-03
Block Level LSLR,PUBLIC,7931 S JEFFERY BLVD,Completed,60617,8,2025-12-03 00:00:00,2025.0,12/2025,12-03
Block Level LSLR,CONSUMER,7932 S JEFFERY BLVD,Completed,60617,8,2025-12-02 00:00:00,2025.0,12/2025,12-02
Block Level LSLR,PUBLIC,7932 S JEFFERY BLVD,Completed,60617,8,2025-12-02 00:00:00,2025.0,12/2025,12-02
Block Level LSLR,CONSUMER,7933 S JEFFERY BLVD,Completed,60617,8,2025-12-02 00:00:00,2025.0,12/2025,12-02
Block Level LSLR,PUBLIC,7933 S JEFFERY BLVD,Completed,60617,8,2025-12-02 00:00:00,2025.0,12/2025,12-02
Block Level LSLR,PUBLIC,7934 S JEFFERY BLVD,Completed,60617,8,2025-12-10 00:00:00,2025.0,12/2025,12-10
Block Level LSLR,CONSUMER,7934 S JEFFERY BLVD,Completed,60617,8,2025-12-10 14:35:00,2025.0,12/2025,12-10
Block Level LSLR,CONSUMER,7935 S JEFFERY BLVD,Completed,60617,8,2025-11-25 00:00:00,2025.0,11/2025,11-25
Block Level LSLR,PUBLIC,7935 S JEFFERY BLVD,Completed,60617,8,2025-11-25 00:00:00,2025.0,11/2025,11-25
Block Level LSLR,CONSUMER,7937 S JEFFERY BLVD,Completed,60617,8,2025-11-25 00:00:00,2025.0,11/2025,11-25
Block Level LSLR,PUBLIC,7937 S JEFFERY BLVD,Completed,60617,8,2025-11-25 00:00:00,2025.0,11/2025,11-25
Block Level LSLR,PUBLIC,7938 S JEFFERY BLVD,Completed,60617,8,2025-11-24 00:00:00,2025.0,11/2025,11-24
Block Level LSLR,CONSUMER,7938 S JEFFERY BLVD,Completed,60617,8,2025-11-24 13:33:00,2025.0,11/2025,11-24
Block Level LSLR,CONSUMER,7939 S JEFFERY BLVD,Completed,60617,8,2025-12-10 00:00:00,2025.0,12/2025,12-10
Block Level LSLR,PUBLIC,7939 S JEFFERY BLVD,Completed,60617,8,2025-12-10 00:00:00,2025.0,12/2025,12-10
Block Level LSLR,CONSUMER,7940 S JEFFERY BLVD,Completed,60617,8,2025-11-21 00:00:00,2025.0,11/2025,11-21
Block Level LSLR,PUBLIC,7940 S JEFFERY BLVD,Completed,60617,8,2025-11-21 00:00:00,2025.0,11/2025,11-21
Block Level LSLR,CONSUMER,7941 S JEFFERY BLVD,Completed,60617,8,2025-11-24 00:00:00,2025.0,11/2025,11-24
Block Level LSLR,PUBLIC,7941 S JEFFERY BLVD,Completed,60617,8,2025-11-24 00:00:00,2025.0,11/2025,11-24
Block Level LSLR,CONSUMER,7943 S JEFFERY BLVD,Completed,60617,8,2025-11-21 00:00:00,2025.0,11/2025,11-21
Block Level LSLR,PUBLIC,7943 S JEFFERY BLVD,Completed,60617,8,2025-11-21 00:00:00,2025.0,11/2025,11-21
Block Level LSLR,CONSUMER,7944 S JEFFERY BLVD,Completed,60617,8,2025-11-20 00:00:00,2025.0,11/2025,11-20
Block Level LSLR,PUBLIC,7944 S JEFFERY BLVD,Completed,60617,8,2025-11-20 00:00:00,2025.0,11/2025,11-20
Block Level LSLR,CONSUMER,7946 S JEFFERY BLVD,Completed,60617,8,2025-11-20 00:00:00,2025.0,11/2025,11-20
Block Level LSLR,PUBLIC,7946 S JEFFERY BLVD,Completed,60617,8,2025-11-20 00:00:00,2025.0,11/2025,11-20
Block Level LSLR,CONSUMER,7949 S JEFFERY BLVD,Completed,60617,8,2025-11-19 00:00:00,2025.0,11/2025,11-19
Block Level LSLR,PUBLIC,7949 S JEFFERY BLVD,Completed,60617,8,2025-11-19 00:00:00,2025.0,11/2025,11-19
Block Level LSLR,PUBLIC,7950 S JEFFERY BLVD,Completed,60617,8,2025-11-19 00:00:00,2025.0,11/2025,11-19
Block Level LSLR,CONSUMER,7950 S JEFFERY BLVD,Completed,60617,8,2025-10-19 00:00:00,2025.0,10/2025,10-19
Block Level LSLR,CONSUMER,7952 S JEFFERY BLVD,Completed,60617,8,2025-12-11 00:00:00,2025.0,12/2025,12-11
Block Level LSLR,PUBLIC,7952 S JEFFERY BLVD,Completed,60617,8,2025-11-18 00:00:00,2025.0,11/2025,11-18
Block Level LSLR,CONSUMER,7953 S JEFFERY BLVD,Completed,60617,8,2025-11-18 00:00:00,2025.0,11/2025,11-18
Block Level LSLR,PUBLIC,7953 S JEFFERY BLVD,Completed,60617,8,2025-11-18 00:00:00,2025.0,11/2025,11-18
Block Level LSLR,CONSUMER,7956 S JEFFERY BLVD,Completed,60617,8,2025-11-17 00:00:00,2025.0,11/2025,11-17
Block Level LSLR,PUBLIC,7956 S JEFFERY BLVD,Completed,60617,8,2025-11-17 00:00:00,2025.0,11/2025,11-17
Block Level LSLR,CONSUMER,7959 S JEFFERY BLVD,Completed,60617,8,2025-11-17 00:00:00,2025.0,11/2025,11-17
Block Level LSLR,PUBLIC,7959 S JEFFERY BLVD,Completed,60617,8,2025-11-17 00:00:00,2025.0,11/2025,11-17
Block Level LSLR,PUBLIC,8008 S JEFFERY BLVD,Completed,60617,8,2025-10-23 00:00:00,2025.0,10/2025,10-23
Block Level LSLR,CONSUMER,8008 S JEFFERY BLVD,Completed,60617,8,2025-10-23 00:00:00,2025.0,10/2025,10-23
Block Level LSLR,PUBLIC,8012 S JEFFERY BLVD,Completed,60617,8,2025-10-29 00:00:00,2025.0,10/2025,10-29
Block Level LSLR,CONSUMER,8012 S JEFFERY BLVD,Completed,60617,8,2025-10-29 00:00:00,2025.0,10/2025,10-29
Block Level LSLR,PUBLIC,8014 S JEFFERY BLVD,Completed,60617,8,2025-10-23 00:00:00,2025.0,10/2025,10-23
Block Level LSLR,CONSUMER,8014 S JEFFERY BLVD,Completed,60617,8,2025-10-23 00:00:00,2025.0,10/2025,10-23
Block Level LSLR,PUBLIC,8016 S JEFFERY BLVD,Completed,60617,8,2025-10-24 00:00:00,2025.0,10/2025,10-24
Block Level LSLR,CONSUMER,8016 S JEFFERY BLVD,Completed,60617,8,2025-10-24 00:00:00,2025.0,10/2025,10-24
Block Level LSLR,PUBLIC,8020 S JEFFERY BLVD,Completed,60617,8,2025-10-24 00:00:00,2025.0,10/2025,10-24
Block Level LSLR,CONSUMER,8020 S JEFFERY BLVD,Completed,60617,8,2025-10-24 00:00:00,2025.0,10/2025,10-24
Block Level LSLR,PUBLIC,8024 S JEFFERY BLVD,Completed,60617,8,2025-10-28 00:00:00,2025.0,10/2025,10-28
Block Level LSLR,CONSUMER,8024 S JEFFERY BLVD,Completed,60617,8,2025-10-28 00:00:00,2025.0,10/2025,10-28
Block Level LSLR,PUBLIC,8026 S JEFFERY BLVD,Completed,60617,8,2025-10-30 00:00:00,2025.0,10/2025,10-30
Block Level LSLR,CONSUMER,8026 S JEFFERY BLVD,Completed,60617,8,2025-10-30 00:00:00,2025.0,10/2025,10-30
Block Level LSLR,PUBLIC,8028 S JEFFERY BLVD,Completed,60617,8,2025-10-28 00:00:00,2025.0,10/2025,10-28
Block Level LSLR,CONSUMER,8028 S JEFFERY BLVD,Completed,60617,8,2025-10-28 00:00:00,2025.0,10/2025,10-28
Block Level LSLR,PUBLIC,8032 S JEFFERY BLVD,Completed,60617,8,2025-10-27 00:00:00,2025.0,10/2025,10-27
Block Level LSLR,CONSUMER,8032 S JEFFERY BLVD,Completed,60617,8,2025-10-27 00:00:00,2025.0,10/2025,10-27
Block Level LSLR,PUBLIC,8036 S JEFFERY BLVD,Completed,60617,8,2025-10-27 00:00:00,2025.0,10/2025,10-27
Block Level LSLR,CONSUMER,8036 S JEFFERY BLVD,Completed,60617,8,2025-10-27 00:00:00,2025.0,10/2025,10-27
Block Level LSLR,PUBLIC,8038 S JEFFERY BLVD,Completed,60617,8,2025-11-03 00:00:00,2025.0,11/2025,11-03
Block Level LSLR,CONSUMER,8038 S JEFFERY BLVD,Completed,60617,8,2025-11-03 00:00:00,2025.0,11/2025,11-03
Block Level LSLR,PUBLIC,8042 S JEFFERY BLVD,Completed,60617,8,2025-10-31 00:00:00,2025.0,10/2025,10-31
Block Level LSLR,CONSUMER,8042 S JEFFERY BLVD,Completed,60617,8,2025-10-31 00:00:00,2025.0,10/2025,10-31
Block Level LSLR,PUBLIC,8044 S JEFFERY BLVD,Completed,60617,8,2025-11-07 00:00:00,2025.0,11/2025,11-07
Block Level LSLR,CONSUMER,8044 S JEFFERY BLVD,Completed,60617,8,2025-11-07 00:00:00,2025.0,11/2025,11-07
Block Level LSLR,PUBLIC,8046 S JEFFERY BLVD,Completed,60617,8,2025-10-30 00:00:00,2025.0,10/2025,10-30
Block Level LSLR,CONSUMER,8046 S JEFFERY BLVD,Completed,60617,8,2025-10-30 00:00:00,2025.0,10/2025,10-30
Block Level LSLR,PUBLIC,8050 S JEFFERY BLVD,Completed,60617,8,2025-10-31 00:00:00,2025.0,10/2025,10-31
Block Level LSLR,CONSUMER,8050 S JEFFERY BLVD,Completed,60617,8,2025-10-31 00:00:00,2025.0,10/2025,10-31
Block Level LSLR,PUBLIC,8054 S JEFFERY BLVD,Completed,60617,8,2025-10-29 00:00:00,2025.0,10/2025,10-29
Block Level LSLR,CONSUMER,8054 S JEFFERY BLVD,Completed,60617,8,2025-10-29 00:00:00,2025.0,10/2025,10-29
Block Level LSLR,PUBLIC,8058 S JEFFERY BLVD,Completed,60617,8,2025-11-04 00:00:00,2025.0,11/2025,11-04
Block Level LSLR,CONSUMER,8058 S JEFFERY BLVD,Completed,60617,8,2025-11-04 00:00:00,2025.0,11/2025,11-04
Block Level LSLR,PUBLIC,8100 S JEFFERY BLVD,Completed,60617,8,2025-11-04 00:00:00,2025.0,11/2025,11-04
Block Level LSLR,CONSUMER,8100 S JEFFERY BLVD,Completed,60617,8,2025-11-04 00:00:00,2025.0,11/2025,11-04
Block Level LSLR,PUBLIC,8101 S JEFFERY BLVD,Completed,60617,8,2025-11-05 00:00:00,2025.0,11/2025,11-05
Block Level LSLR,CONSUMER,8101 S JEFFERY BLVD,Completed,60617,8,2025-11-05 00:00:00,2025.0,11/2025,11-05
Block Level LSLR,CONSUMER,8104 S JEFFERY BLVD,Completed,60617,8,2025-12-01 00:00:00,2025.0,12/2025,12-01
Block Level LSLR,PUBLIC,8104 S JEFFERY BLVD,Completed,60617,8,2025-12-01 00:00:00,2025.0,12/2025,12-01
Block Level LSLR,PUBLIC,8105 S JEFFERY BLVD,Completed,60617,8,2025-11-05 00:00:00,2025.0,11/2025,11-05
Block Level LSLR,CONSUMER,8105 S JEFFERY BLVD,Completed,60617,8,2025-11-05 00:00:00,2025.0,11/2025,11-05
Block Level LSLR,PUBLIC,8108 S JEFFERY BLVD,Completed,60617,8,2025-11-06 00:00:00,2025.0,11/2025,11-06
Block Level LSLR,CONSUMER,8108 S JEFFERY BLVD,Completed,60617,8,2025-11-06 14:25:00,2025.0,11/2025,11-06
Block Level LSLR,CONSUMER,8109 S JEFFERY BLVD,In Progress,60617,8,,,,
Block Level LSLR,PUBLIC,8109 S JEFFERY BLVD,In Progress,60617,8,,,,
Block Level LSLR,PUBLIC,8111 13 S JEFFERY BLVD,Completed,60617,8,2025-11-06 00:00:00,2025.0,11/2025,11-06
Block Level LSLR,CONSUMER,8111 13 S JEFFERY BLVD,Completed,60617,8,2025-11-06 00:00:00,2025.0,11/2025,11-06
Block Level LSLR,PUBLIC,8112 S JEFFERY BLVD,Completed,60617,8,2025-12-02 00:00:00,2025.0,12/2025,12-02
Block Level LSLR,CONSUMER,8112 S JEFFERY BLVD,Completed,60617,8,2025-12-02 00:00:00,2025.0,12/2025,12-02
Block Level LSLR,CONSUMER,8114 S JEFFERY BLVD,Completed,60617,8,2025-11-18 00:00:00,2025.0,11/2025,11-18
Block Level LSLR,PUBLIC,8114 S JEFFERY BLVD,Completed,60617,8,2025-11-18 00:00:00,2025.0,11/2025,11-18
Block Level LSLR,PUBLIC,8116 S JEFFERY BLVD,Completed,60617,8,2025-12-01 00:00:00,2025.0,12/2025,12-01
Block Level LSLR,CONSUMER,8116 S JEFFERY BLVD,Completed,60617,8,2025-12-01 00:00:00,2025.0,12/2025,12-01
Block Level LSLR,PUBLIC,8118 S JEFFERY BLVD,Completed,60617,8,2025-12-03 00:00:00,2025.0,12/2025,12-03
Block Level LSLR,CONSUMER,8118 S JEFFERY BLVD,Completed,60617,8,2025-12-03 13:17:00,2025.0,12/2025,12-03
Block Level LSLR,PUBLIC,8119 S JEFFERY BLVD,Completed,60617,8,2025-11-07 00:00:00,2025.0,11/2025,11-07
Block Level LSLR,CONSUMER,8119 S JEFFERY BLVD,Completed,60617,8,2025-11-07 00:00:00,2025.0,11/2025,11-07
Block Level LSLR,PUBLIC,8120 S JEFFERY BLVD,Completed,60617,8,2025-11-07 00:00:00,2025.0,11/2025,11-07
Block Level LSLR,CONSUMER,8120 S JEFFERY BLVD,Completed,60617,8,2025-11-07 13:43:00,2025.0,11/2025,11-07
Block Level LSLR,PUBLIC,8121 S JEFFERY BLVD,Completed,60617,8,2025-11-20 00:00:00,2025.0,11/2025,11-20
Block Level LSLR,CONSUMER,8121 S JEFFERY BLVD,Completed,60617,8,2025-11-20 00:00:00,2025.0,11/2025,11-20
Block Level LSLR,CONSUMER,8122 S JEFFERY BLVD,Completed,60617,8,2025-11-24 00:00:00,2025.0,11/2025,11-24
Block Level LSLR,PUBLIC,8122 S JEFFERY BLVD,Completed,60617,8,2025-11-24 00:00:00,2025.0,11/2025,11-24
Block Level LSLR,PUBLIC,8123 S JEFFERY BLVD,Completed,60617,8,2025-11-18 00:00:00,2025.0,11/2025,11-18
Block Level LSLR,CONSUMER,8123 S JEFFERY BLVD,Completed,60617,8,2025-11-20 14:12:00,2025.0,11/2025,11-20
Block Level LSLR,CONSUMER,8126 S JEFFERY BLVD,Completed,60617,8,2025-11-25 00:00:00,2025.0,11/2025,11-25
Block Level LSLR,PUBLIC,8126 S JEFFERY BLVD,Completed,60617,8,2025-11-25 00:00:00,2025.0,11/2025,11-25
Block Level LSLR,PUBLIC,8127 S JEFFERY BLVD,Completed,60617,8,2025-11-20 00:00:00,2025.0,11/2025,11-20
Block Level LSLR,CONSUMER,8127 S JEFFERY BLVD,Completed,60617,8,2025-11-20 14:17:00,2025.0,11/2025,11-20
Block Level LSLR,CONSUMER,8130 S JEFFERY BLVD,Completed,60617,8,2025-11-24 00:00:00,2025.0,11/2025,11-24
Block Level LSLR,PUBLIC,8130 S JEFFERY BLVD,Completed,60617,8,2025-11-24 00:00:00,2025.0,11/2025,11-24
Block Level LSLR,CONSUMER,8131 S JEFFERY BLVD,Completed,60617,8,2025-11-17 00:00:00,2025.0,11/2025,11-17
Block Level LSLR,PUBLIC,8131 S JEFFERY BLVD,Completed,60617,8,2025-11-17 00:00:00,2025.0,11/2025,11-17
Block Level LSLR,PUBLIC,8133 S JEFFERY BLVD,Completed,60617,8,2025-11-17 00:00:00,2025.0,11/2025,11-17
Block Level LSLR,CONSUMER,8133 S JEFFERY BLVD,Completed,60617,8,2025-11-17 00:00:00,2025.0,11/2025,11-17
Block Level LSLR,CONSUMER,8134 S JEFFERY BLVD,Completed,60617,8,2025-11-14 00:00:00,2025.0,11/2025,11-14
Block Level LSLR,PUBLIC,8134 S JEFFERY BLVD,Completed,60617,8,2025-11-14 00:00:00,2025.0,11/2025,11-14
Block Level LSLR,CONSUMER,8137 S JEFFERY BLVD,Completed,60617,8,2025-12-02 00:00:00,2025.0,12/2025,12-02
Block Level LSLR,PUBLIC,8137 S JEFFERY BLVD,Completed,60617,8,2025-12-02 00:00:00,2025.0,12/2025,12-02
Block Level LSLR,CONSUMER,8138 S JEFFERY BLVD,Completed,60617,8,2025-11-14 00:00:00,2025.0,11/2025,11-14
Block Level LSLR,PUBLIC,8138 S JEFFERY BLVD,Completed,60617,8,2025-11-14 00:00:00,2025.0,11/2025,11-14
Block Level LSLR,CONSUMER,8140 S JEFFERY BLVD,Completed,60617,8,2025-11-25 00:00:00,2025.0,11/2025,11-25
Block Level LSLR,PUBLIC,8140 S JEFFERY BLVD,Completed,60617,8,2025-11-25 00:00:00,2025.0,11/2025,11-25
Block Level LSLR,PUBLIC,8141 S JEFFERY BLVD,Completed,60617,8,2025-11-21 00:00:00,2025.0,11/2025,11-21
Block Level LSLR,CONSUMER,8141 S JEFFERY BLVD,Completed,60617,8,2025-11-21 00:00:00,2025.0,11/2025,11-21
Block Level LSLR,CONSUMER,8143 S JEFFERY BLVD,Completed,60617,8,2025-11-19 00:00:00,2025.0,11/2025,11-19
Block Level LSLR,PUBLIC,8143 S JEFFERY BLVD,Completed,60617,8,2025-11-19 00:00:00,2025.0,11/2025,11-19
Block Level LSLR,PUBLIC,8144 S JEFFERY BLVD,Completed,60617,8,2025-11-10 00:00:00,2025.0,11/2025,11-10
Block Level LSLR,CONSUMER,8144 S JEFFERY BLVD,Completed,60617,8,2025-11-10 00:00:00,2025.0,11/2025,11-10
Block Level LSLR,PUBLIC,8147 49 S JEFFERY BLVD,Completed,60617,8,2025-11-12 00:00:00,2025.0,11/2025,11-12
Block Level LSLR,CONSUMER,8147 49 S JEFFERY BLVD,Completed,60617,8,2025-11-12 00:00:00,2025.0,11/2025,11-12
Block Level LSLR,PUBLIC,8148 S JEFFERY BLVD,Completed,60617,8,2025-11-10 00:00:00,2025.0,11/2025,11-10
Block Level LSLR,CONSUMER,8148 S JEFFERY BLVD,Completed,60617,8,2025-11-10 00:00:00,2025.0,11/2025,11-10
Block Level LSLR,CONSUMER,8151 S JEFFERY BLVD,Completed,60617,8,2025-12-02 00:00:00,2025.0,12/2025,12-02
Block Level LSLR,PUBLIC,8151 S JEFFERY BLVD,Completed,60617,8,2025-12-02 00:00:00,2025.0,12/2025,12-02
Block Level LSLR,PUBLIC,8152 S JEFFERY BLVD,Completed,60617,8,2025-11-12 00:00:00,2025.0,11/2025,11-12
Block Level LSLR,CONSUMER,8152 S JEFFERY BLVD,Completed,60617,8,2025-11-12 00:00:00,2025.0,11/2025,11-12
Block Level LSLR,CONSUMER,8154 S JEFFERY BLVD,Completed,60617,8,2025-11-21 00:00:00,2025.0,11/2025,11-21
Block Level LSLR,PUBLIC,8154 S JEFFERY BLVD,Completed,60617,8,2025-11-21 00:00:00,2025.0,11/2025,11-21
Block Level LSLR,CONSUMER,8155 S JEFFERY BLVD,Completed,60617,8,2025-11-13 00:00:00,2025.0,11/2025,11-13
Block Level LSLR,PUBLIC,8155 S JEFFERY BLVD,Completed,60617,8,2025-11-13 00:00:00,2025.0,11/2025,11-13
Block Level LSLR,CONSUMER,8158 S JEFFERY BLVD,Completed,60617,8,2025-11-19 00:00:00,2025.0,11/2025,11-19
Block Level LSLR,PUBLIC,8158 S JEFFERY BLVD,Completed,60617,8,2025-11-19 00:00:00,2025.0,11/2025,11-19
Block Level LSLR,CONSUMER,8159 S JEFFERY BLVD,Completed,60617,8,2025-11-13 00:00:00,2025.0,11/2025,11-13
Block Level LSLR,PUBLIC,8159 S JEFFERY BLVD,Completed,60617,8,2025-11-13 00:00:00,2025.0,11/2025,11-13
