,address,geocoded_address,returned_address,tiger_line,tract,longitude,latitude
0,6011 S CAMPBELL AVE,"6011 S CAMPBELL AVE, Chicago, IL, 60629","6011 S CAMPBELL AVE, CHICAGO, IL, 60629",111804823,835000,-87.686151139103,41.784467129116
1,6011 S CAMPBELL AVE,"6011 S CAMPBELL AVE, Chicago, IL, 60629","6011 S CAMPBELL AVE, CHICAGO, IL, 60629",111804823,835000,-87.686151139103,41.784467129116
2,2500 W 60TH ST,"2500 W 60TH ST, Chicago, IL, 60629","2500 W 60TH ST, CHICAGO, IL, 60629",605308184,835000,-87.686310582357,41.78475446124
3,2500 W 60TH ST,"2500 W 60TH ST, Chicago, IL, 60629","2500 W 60TH ST, CHICAGO, IL, 60629",605308184,835000,-87.686310582357,41.78475446124
4,6000 S CAMPBELL AVE,"6000 S CAMPBELL AVE, Chicago, IL, 60629","6000 S CAMPBELL AVE, CHICAGO, IL, 60629",111804823,835000,-87.686309136878,41.784638811931
5,5948 S CAMPBELL AVE,"5948 S CAMPBELL AVE, Chicago, IL, 60629","5948 S CAMPBELL AVE, CHICAGO, IL, 60629",605308083,835000,-87.686331347266,41.785504757961
6,5932 S CAMPBELL AVE,"5932 S CAMPBELL AVE, Chicago, IL, 60629","5932 S CAMPBELL AVE, CHICAGO, IL, 60629",605308083,835000,-87.686337788153,41.785745218659
7,5936 S CAMPBELL AVE,"5936 S CAMPBELL AVE, Chicago, IL, 60629","5936 S CAMPBELL AVE, CHICAGO, IL, 60629",605308083,835000,-87.686336177931,41.785685103485
8,5936 S CAMPBELL AVE,"5936 S CAMPBELL AVE, Chicago, IL, 60629","5936 S CAMPBELL AVE, CHICAGO, IL, 60629",605308083,835000,-87.686336177931,41.785685103485
9,5948 S CAMPBELL AVE,"5948 S CAMPBELL AVE, Chicago, IL, 60629","5948 S CAMPBELL AVE, CHICAGO, IL, 60629",605308083,835000,-87.686331347266,41.785504757961
10,6000 S CAMPBELL AVE,"6000 S CAMPBELL AVE, Chicago, IL, 60629","6000 S CAMPBELL AVE, CHICAGO, IL, 60629",111804823,835000,-87.686309136878,41.784638811931
11,7548 S MARSHFIELD AVE,"7548 S MARSHFIELD AVE, Chicago, IL, 60620","7548 S MARSHFIELD AVE, CHICAGO, IL, 60620",604996799,710400,-87.664877983999,41.756245749228
12,7548 S MARSHFIELD AVE,"7548 S MARSHFIELD AVE, Chicago, IL, 60620","7548 S MARSHFIELD AVE, CHICAGO, IL, 60620",604996799,710400,-87.664877983999,41.756245749228
13,5932 S CAMPBELL AVE,"5932 S CAMPBELL AVE, Chicago, IL, 60629","5932 S CAMPBELL AVE, CHICAGO, IL, 60629",605308083,835000,-87.686337788153,41.785745218659
14,5941 S CAMPBELL AVE,"5941 S CAMPBELL AVE, Chicago, IL, 60629","5941 S CAMPBELL AVE, CHICAGO, IL, 60629",605308083,835000,-87.686177580569,41.785502752225
15,5941 S CAMPBELL AVE,"5941 S CAMPBELL AVE, Chicago, IL, 60629","5941 S CAMPBELL AVE, CHICAGO, IL, 60629",605308083,835000,-87.686177580569,41.785502752225
16,7559 S MARSHFIELD AVE,"7559 S MARSHFIELD AVE, Chicago, IL, 60620","7559 S MARSHFIELD AVE, CHICAGO, IL, 60620",604996799,710400,-87.664722138065,41.7561699141
17,7559 S MARSHFIELD AVE,"7559 S MARSHFIELD AVE, Chicago, IL, 60620","7559 S MARSHFIELD AVE, CHICAGO, IL, 60620",604996799,710400,-87.664722138065,41.7561699141
18,5940 S CAMPBELL AVE,"5940 S CAMPBELL AVE, Chicago, IL, 60629","5940 S CAMPBELL AVE, CHICAGO, IL, 60629",605308083,835000,-87.686334567709,41.78562498831
19,5952 S CAMPBELL AVE,"5952 S CAMPBELL AVE, Chicago, IL, 60629","5952 S CAMPBELL AVE, CHICAGO, IL, 60629",605308083,835000,-87.686329737044,41.785444642786
20,7554 S MARSHFIELD AVE,"7554 S MARSHFIELD AVE, Chicago, IL, 60620","7554 S MARSHFIELD AVE, CHICAGO, IL, 60620",604996799,710400,-87.664876622051,41.756198761845
21,5952 S CAMPBELL AVE,"5952 S CAMPBELL AVE, Chicago, IL, 60629","5952 S CAMPBELL AVE, CHICAGO, IL, 60629",605308083,835000,-87.686329737044,41.785444642786
22,7555 S MARSHFIELD AVE,"7555 S MARSHFIELD AVE, Chicago, IL, 60620","7555 S MARSHFIELD AVE, CHICAGO, IL, 60620",604996799,710400,-87.664723046031,41.756201239021
23,5940 S CAMPBELL AVE,"5940 S CAMPBELL AVE, Chicago, IL, 60629","5940 S CAMPBELL AVE, CHICAGO, IL, 60629",605308083,835000,-87.686334567709,41.78562498831
24,7555 S MARSHFIELD AVE,"7555 S MARSHFIELD AVE, Chicago, IL, 60620","7555 S MARSHFIELD AVE, CHICAGO, IL, 60620",604996799,710400,-87.664723046031,41.756201239021
25,5955 S CAMPBELL AVE,"5955 S CAMPBELL AVE, Chicago, IL, 60629","5955 S CAMPBELL AVE, CHICAGO, IL, 60629",605308083,835000,-87.686172749904,41.785322406701
26,5955 S CAMPBELL AVE,"5955 S CAMPBELL AVE, Chicago, IL, 60629","5955 S CAMPBELL AVE, CHICAGO, IL, 60629",605308083,835000,-87.686172749904,41.785322406701
27,7547 S MARSHFIELD AVE,"7547 S MARSHFIELD AVE, Chicago, IL, 60620","7547 S MARSHFIELD AVE, CHICAGO, IL, 60620",604996799,710400,-87.664724861962,41.756263888864
28,7550 S MARSHFIELD AVE,"7550 S MARSHFIELD AVE, Chicago, IL, 60620","7550 S MARSHFIELD AVE, CHICAGO, IL, 60620",604996799,710400,-87.664877530016,41.756230086767
29,7554 S MARSHFIELD AVE,"7554 S MARSHFIELD AVE, Chicago, IL, 60620","7554 S MARSHFIELD AVE, CHICAGO, IL, 60620",604996799,710400,-87.664876622051,41.756198761845
30,7547 S MARSHFIELD AVE,"7547 S MARSHFIELD AVE, Chicago, IL, 60620","7547 S MARSHFIELD AVE, CHICAGO, IL, 60620",604996799,710400,-87.664724861962,41.756263888864
31,7550 S MARSHFIELD AVE,"7550 S MARSHFIELD AVE, Chicago, IL, 60620","7550 S MARSHFIELD AVE, CHICAGO, IL, 60620",604996799,710400,-87.664877530016,41.756230086767
32,5944 S CAMPBELL AVE,"5944 S CAMPBELL AVE, Chicago, IL, 60629","5944 S CAMPBELL AVE, CHICAGO, IL, 60629",605308083,835000,-87.686332957487,41.785564873135
33,5943 S CAMPBELL AVE,"5943 S CAMPBELL AVE, Chicago, IL, 60629","5943 S CAMPBELL AVE, CHICAGO, IL, 60629",605308083,835000,-87.686176890474,41.785476988578
34,5943 S CAMPBELL AVE,"5943 S CAMPBELL AVE, Chicago, IL, 60629","5943 S CAMPBELL AVE, CHICAGO, IL, 60629",605308083,835000,-87.686176890474,41.785476988578
35,5944 S CAMPBELL AVE,"5944 S CAMPBELL AVE, Chicago, IL, 60629","5944 S CAMPBELL AVE, CHICAGO, IL, 60629",605308083,835000,-87.686332957487,41.785564873135
36,7551 S MARSHFIELD AVE,"7551 S MARSHFIELD AVE, Chicago, IL, 60620","7551 S MARSHFIELD AVE, CHICAGO, IL, 60620",604996799,710400,-87.664723953996,41.756232563943
37,7558 S MARSHFIELD AVE,"7558 S MARSHFIELD AVE, Chicago, IL, 60620","7558 S MARSHFIELD AVE, CHICAGO, IL, 60620",604996799,710400,-87.664875714085,41.756167436924
38,7558 S MARSHFIELD AVE,"7558 S MARSHFIELD AVE, Chicago, IL, 60620","7558 S MARSHFIELD AVE, CHICAGO, IL, 60620",604996799,710400,-87.664875714085,41.756167436924
39,7551 S MARSHFIELD AVE,"7551 S MARSHFIELD AVE, Chicago, IL, 60620","7551 S MARSHFIELD AVE, CHICAGO, IL, 60620",604996799,710400,-87.664723953996,41.756232563943
40,5927 S CAMPBELL AVE,"5927 S CAMPBELL AVE, Chicago, IL, 60629","5927 S CAMPBELL AVE, CHICAGO, IL, 60629",605308083,835000,-87.686182411234,41.785683097749
41,7952 S JEFFERY BLVD,"7952 S JEFFERY BLVD, Chicago, IL, 60617","7952 S JEFFERY BLVD, CHICAGO, IL, 60617",657161289,460500,-87.576037862275,41.75064230632
42,5918 S CAMPBELL AVE,"5918 S CAMPBELL AVE, Chicago, IL, 60629","5918 S CAMPBELL AVE, CHICAGO, IL, 60629",605308083,835000,-87.686343423929,41.785955621771
43,7546 S MARSHFIELD AVE,"7546 S MARSHFIELD AVE, Chicago, IL, 60620","7546 S MARSHFIELD AVE, CHICAGO, IL, 60620",604996799,710400,-87.664878437982,41.756261411688
44,7546 S MARSHFIELD AVE,"7546 S MARSHFIELD AVE, Chicago, IL, 60620","7546 S MARSHFIELD AVE, CHICAGO, IL, 60620",604996799,710400,-87.664878437982,41.756261411688
45,5918 S CAMPBELL AVE,"5918 S CAMPBELL AVE, Chicago, IL, 60629","5918 S CAMPBELL AVE, CHICAGO, IL, 60629",605308083,835000,-87.686343423929,41.785955621771
46,5937 S CAMPBELL AVE,"5937 S CAMPBELL AVE, Chicago, IL, 60629","5937 S CAMPBELL AVE, CHICAGO, IL, 60629",605308083,835000,-87.686178960759,41.785554279517
47,5937 S CAMPBELL AVE,"5937 S CAMPBELL AVE, Chicago, IL, 60629","5937 S CAMPBELL AVE, CHICAGO, IL, 60629",605308083,835000,-87.686178960759,41.785554279517
48,7544 S MARSHFIELD AVE,"7544 S MARSHFIELD AVE, Chicago, IL, 60620","7544 S MARSHFIELD AVE, CHICAGO, IL, 60620",604996799,710400,-87.664878891965,41.756277074149
49,7544 S MARSHFIELD AVE,"7544 S MARSHFIELD AVE, Chicago, IL, 60620","7544 S MARSHFIELD AVE, CHICAGO, IL, 60620",604996799,710400,-87.664878891965,41.756277074149
50,5927 S CAMPBELL AVE,"5927 S CAMPBELL AVE, Chicago, IL, 60629","5927 S CAMPBELL AVE, CHICAGO, IL, 60629",605308083,835000,-87.686182411234,41.785683097749
51,7934 S JEFFERY BLVD,"7934 S JEFFERY BLVD, Chicago, IL, 60617","7934 S JEFFERY BLVD, CHICAGO, IL, 60617",657161289,460500,-87.576043499863,41.750955194221
52,7536 S MARSHFIELD AVE,"7536 S MARSHFIELD AVE, Chicago, IL, 60620","7536 S MARSHFIELD AVE, CHICAGO, IL, 60620",604996799,710400,-87.664880707896,41.756339723992
53,7939 S JEFFERY BLVD,"7939 S JEFFERY BLVD, Chicago, IL, 60617","7939 S JEFFERY BLVD, CHICAGO, IL, 60617",657161289,460500,-87.575888662248,41.750887203792
54,7545 S MARSHFIELD AVE,"7545 S MARSHFIELD AVE, Chicago, IL, 60620","7545 S MARSHFIELD AVE, CHICAGO, IL, 60620",604996799,710400,-87.664725315944,41.756279551325
55,7536 S MARSHFIELD AVE,"7536 S MARSHFIELD AVE, Chicago, IL, 60620","7536 S MARSHFIELD AVE, CHICAGO, IL, 60620",604996799,710400,-87.664880707896,41.756339723992
56,5949 S CAMPBELL AVE,"5949 S CAMPBELL AVE, Chicago, IL, 60629","5949 S CAMPBELL AVE, CHICAGO, IL, 60629",605308083,835000,-87.686174820189,41.785399697639
57,7934 S JEFFERY BLVD,"7934 S JEFFERY BLVD, Chicago, IL, 60617","7934 S JEFFERY BLVD, CHICAGO, IL, 60617",657161289,460500,-87.576043499863,41.750955194221
58,5951 S CAMPBELL AVE,"5951 S CAMPBELL AVE, Chicago, IL, 60629","5951 S CAMPBELL AVE, CHICAGO, IL, 60629",605308083,835000,-87.686174130094,41.785373933993
59,5951 S CAMPBELL AVE,"5951 S CAMPBELL AVE, Chicago, IL, 60629","5951 S CAMPBELL AVE, CHICAGO, IL, 60629",605308083,835000,-87.686174130094,41.785373933993
60,7939 S JEFFERY BLVD,"7939 S JEFFERY BLVD, Chicago, IL, 60617","7939 S JEFFERY BLVD, CHICAGO, IL, 60617",657161289,460500,-87.575888662248,41.750887203792
61,5949 S CAMPBELL AVE,"5949 S CAMPBELL AVE, Chicago, IL, 60629","5949 S CAMPBELL AVE, CHICAGO, IL, 60629",605308083,835000,-87.686174820189,41.785399697639
62,5945 S CAMPBELL AVE,"5945 S CAMPBELL AVE, Chicago, IL, 60629","5945 S CAMPBELL AVE, CHICAGO, IL, 60629",605308083,835000,-87.686176200379,41.785451224932
63,5945 S CAMPBELL AVE,"5945 S CAMPBELL AVE, Chicago, IL, 60629","5945 S CAMPBELL AVE, CHICAGO, IL, 60629",605308083,835000,-87.686176200379,41.785451224932
64,7545 S MARSHFIELD AVE,"7545 S MARSHFIELD AVE, Chicago, IL, 60620","7545 S MARSHFIELD AVE, CHICAGO, IL, 60620",604996799,710400,-87.664725315944,41.756279551325
65,2501 W 59TH ST,"2501 W 59TH ST, Chicago, IL, 60629","2501 W 59TH ST, CHICAGO, IL, 60629",111804793,835000,-87.686355584364,41.786466869551
66,2501 W 59TH ST,"2501 W 59TH ST, Chicago, IL, 60629","2501 W 59TH ST, CHICAGO, IL, 60629",111804793,835000,-87.686355584364,41.786466869551
67,7915 S JEFFERY BLVD,"7915 S JEFFERY BLVD, Chicago, IL, 60617","7915 S JEFFERY BLVD, CHICAGO, IL, 60617",657161289,460500,-87.575895737857,41.751305210094
68,7915 S JEFFERY BLVD,"7915 S JEFFERY BLVD, Chicago, IL, 60617","7915 S JEFFERY BLVD, CHICAGO, IL, 60617",657161289,460500,-87.575895737857,41.751305210094
69,7912 S JEFFERY BLVD,"7912 S JEFFERY BLVD, Chicago, IL, 60617","7912 S JEFFERY BLVD, CHICAGO, IL, 60617",657161289,460500,-87.576050580856,41.751336760362
70,7912 S JEFFERY BLVD,"7912 S JEFFERY BLVD, Chicago, IL, 60617","7912 S JEFFERY BLVD, CHICAGO, IL, 60617",657161289,460500,-87.576050580856,41.751336760362
71,5925 S CAMPBELL AVE,"5925 S CAMPBELL AVE, Chicago, IL, 60629","5925 S CAMPBELL AVE, CHICAGO, IL, 60629",605308083,835000,-87.686183101329,41.785708861395
72,7538 S MARSHFIELD AVE,"7538 S MARSHFIELD AVE, Chicago, IL, 60620","7538 S MARSHFIELD AVE, CHICAGO, IL, 60620",604996799,710400,-87.664880253913,41.756324061531
73,7538 S MARSHFIELD AVE,"7538 S MARSHFIELD AVE, Chicago, IL, 60620","7538 S MARSHFIELD AVE, CHICAGO, IL, 60620",604996799,710400,-87.664880253913,41.756324061531
74,7535 S MARSHFIELD AVE,"7535 S MARSHFIELD AVE, Chicago, IL, 60620","7535 S MARSHFIELD AVE, CHICAGO, IL, 60620",604996799,710400,-87.664727585858,41.756357863629
75,7535 S MARSHFIELD AVE,"7535 S MARSHFIELD AVE, Chicago, IL, 60620","7535 S MARSHFIELD AVE, CHICAGO, IL, 60620",604996799,710400,-87.664727585858,41.756357863629
76,5925 S CAMPBELL AVE,"5925 S CAMPBELL AVE, Chicago, IL, 60629","5925 S CAMPBELL AVE, CHICAGO, IL, 60629",605308083,835000,-87.686183101329,41.785708861395
77,7541 S MARSHFIELD AVE,"7541 S MARSHFIELD AVE, Chicago, IL, 60620","7541 S MARSHFIELD AVE, CHICAGO, IL, 60620",604996799,710400,-87.66472622391,41.756310876246
78,5942 S CAMPBELL AVE,"5942 S CAMPBELL AVE, Chicago, IL, 60629","5942 S CAMPBELL AVE, CHICAGO, IL, 60629",605308083,835000,-87.686333762598,41.785594930723
79,7917 S JEFFERY BLVD,"7917 S JEFFERY BLVD, Chicago, IL, 60617","7917 S JEFFERY BLVD, CHICAGO, IL, 60617",657161289,460500,-87.575894434553,41.75127045523
80,7917 S JEFFERY BLVD,"7917 S JEFFERY BLVD, Chicago, IL, 60617","7917 S JEFFERY BLVD, CHICAGO, IL, 60617",657161289,460500,-87.575894434553,41.75127045523
81,7916 S JEFFERY BLVD,"7916 S JEFFERY BLVD, Chicago, IL, 60617","7916 S JEFFERY BLVD, CHICAGO, IL, 60617",657161289,460500,-87.576047974248,41.751267250632
82,7541 S MARSHFIELD AVE,"7541 S MARSHFIELD AVE, Chicago, IL, 60620","7541 S MARSHFIELD AVE, CHICAGO, IL, 60620",604996799,710400,-87.66472622391,41.756310876246
83,7916 S JEFFERY BLVD,"7916 S JEFFERY BLVD, Chicago, IL, 60617","7916 S JEFFERY BLVD, CHICAGO, IL, 60617",657161289,460500,-87.576047974248,41.751267250632
84,5942 S CAMPBELL AVE,"5942 S CAMPBELL AVE, Chicago, IL, 60629","5942 S CAMPBELL AVE, CHICAGO, IL, 60629",605308083,835000,-87.686333762598,41.785594930723
85,5915 S CAMPBELL AVE,"5915 S CAMPBELL AVE, Chicago, IL, 60629","5915 S CAMPBELL AVE, CHICAGO, IL, 60629",605308083,835000,-87.686186551804,41.785837679626
86,5924 S CAMPBELL AVE,"5924 S CAMPBELL AVE, Chicago, IL, 60629","5924 S CAMPBELL AVE, CHICAGO, IL, 60629",605308083,835000,-87.686341008596,41.785865449009
87,5915 S CAMPBELL AVE,"5915 S CAMPBELL AVE, Chicago, IL, 60629","5915 S CAMPBELL AVE, CHICAGO, IL, 60629",605308083,835000,-87.686186551804,41.785837679626
88,5924 S CAMPBELL AVE,"5924 S CAMPBELL AVE, Chicago, IL, 60629","5924 S CAMPBELL AVE, CHICAGO, IL, 60629",605308083,835000,-87.686341008596,41.785865449009
89,7532 S MARSHFIELD AVE,"7532 S MARSHFIELD AVE, Chicago, IL, 60620","7532 S MARSHFIELD AVE, CHICAGO, IL, 60620",604996799,710400,-87.664881615861,41.756371048914
90,7532 S MARSHFIELD AVE,"7532 S MARSHFIELD AVE, Chicago, IL, 60620","7532 S MARSHFIELD AVE, CHICAGO, IL, 60620",604996799,710400,-87.664881615861,41.756371048914
91,5920 S CAMPBELL AVE,"5920 S CAMPBELL AVE, Chicago, IL, 60629","5920 S CAMPBELL AVE, CHICAGO, IL, 60629",605308083,835000,-87.686342618818,41.785925564183
92,7923 S JEFFERY BLVD,"7923 S JEFFERY BLVD, Chicago, IL, 60617","7923 S JEFFERY BLVD, CHICAGO, IL, 60617",657161289,460500,-87.575893479231,41.751164557197
93,5920 S CAMPBELL AVE,"5920 S CAMPBELL AVE, Chicago, IL, 60629","5920 S CAMPBELL AVE, CHICAGO, IL, 60629",605308083,835000,-87.686342618818,41.785925564183
94,7923 S JEFFERY BLVD,"7923 S JEFFERY BLVD, Chicago, IL, 60617","7923 S JEFFERY BLVD, CHICAGO, IL, 60617",657161289,460500,-87.575893479231,41.751164557197
95,7924 S JEFFERY BLVD,"7924 S JEFFERY BLVD, Chicago, IL, 60617","7924 S JEFFERY BLVD, CHICAGO, IL, 60617",657161289,460500,-87.576046631857,41.751129020832
96,7924 S JEFFERY BLVD,"7924 S JEFFERY BLVD, Chicago, IL, 60617","7924 S JEFFERY BLVD, CHICAGO, IL, 60617",657161289,460500,-87.576046631857,41.751129020832
97,5919 S CAMPBELL AVE,"5919 S CAMPBELL AVE, Chicago, IL, 60629","5919 S CAMPBELL AVE, CHICAGO, IL, 60629",605308083,835000,-87.686185171614,41.785786152334
98,5919 S CAMPBELL AVE,"5919 S CAMPBELL AVE, Chicago, IL, 60629","5919 S CAMPBELL AVE, CHICAGO, IL, 60629",605308083,835000,-87.686185171614,41.785786152334
99,5914 S CAMPBELL AVE,"5914 S CAMPBELL AVE, Chicago, IL, 60629","5914 S CAMPBELL AVE, CHICAGO, IL, 60629",605308083,835000,-87.68634503415,41.786015736945
100,5914 S CAMPBELL AVE,"5914 S CAMPBELL AVE, Chicago, IL, 60629","5914 S CAMPBELL AVE, CHICAGO, IL, 60629",605308083,835000,-87.68634503415,41.786015736945
101,7927 S JEFFERY BLVD,"7927 S JEFFERY BLVD, Chicago, IL, 60617","7927 S JEFFERY BLVD, CHICAGO, IL, 60617",657161289,460500,-87.57589242064,41.751095795726
102,7927 S JEFFERY BLVD,"7927 S JEFFERY BLVD, Chicago, IL, 60617","7927 S JEFFERY BLVD, CHICAGO, IL, 60617",657161289,460500,-87.57589242064,41.751095795726
103,7929 S JEFFERY BLVD,"7929 S JEFFERY BLVD, Chicago, IL, 60617","7929 S JEFFERY BLVD, CHICAGO, IL, 60617",657161289,460500,-87.575891794242,41.751061030404
104,7929 S JEFFERY BLVD,"7929 S JEFFERY BLVD, Chicago, IL, 60617","7929 S JEFFERY BLVD, CHICAGO, IL, 60617",657161289,460500,-87.575891794242,41.751061030404
105,8118 S JEFFERY BLVD,"8118 S JEFFERY BLVD, Chicago, IL, 60617","8118 S JEFFERY BLVD, CHICAGO, IL, 60617",111775911,460500,-87.575988400137,41.747597288175
106,5828 S OAKLEY AVE,"5828 S OAKLEY AVE, Chicago, IL, 60636","5828 S OAKLEY AVE, CHICAGO, IL, 60636",605308061,835100,-87.681203087459,41.787949188884
107,2300 W 59TH ST,"2300 W 59TH ST, Chicago, IL, 60636","2300 W 59TH ST, CHICAGO, IL, 60636",111804859,835100,-87.681188496413,41.786596799399
108,7930 S JEFFERY BLVD,"7930 S JEFFERY BLVD, Chicago, IL, 60617","7930 S JEFFERY BLVD, CHICAGO, IL, 60617",657161289,460500,-87.576044752661,41.751024724865
109,7930 S JEFFERY BLVD,"7930 S JEFFERY BLVD, Chicago, IL, 60617","7930 S JEFFERY BLVD, CHICAGO, IL, 60617",657161289,460500,-87.576044752661,41.751024724865
110,7931 S JEFFERY BLVD,"7931 S JEFFERY BLVD, Chicago, IL, 60617","7931 S JEFFERY BLVD, CHICAGO, IL, 60617",657161289,460500,-87.575891167843,41.751026265081
111,7931 S JEFFERY BLVD,"7931 S JEFFERY BLVD, Chicago, IL, 60617","7931 S JEFFERY BLVD, CHICAGO, IL, 60617",657161289,460500,-87.575891167843,41.751026265081
112,8118 S JEFFERY BLVD,"8118 S JEFFERY BLVD, Chicago, IL, 60617","8118 S JEFFERY BLVD, CHICAGO, IL, 60617",111775911,460500,-87.575988400137,41.747597288175
113,8112 S JEFFERY BLVD,"8112 S JEFFERY BLVD, Chicago, IL, 60617","8112 S JEFFERY BLVD, CHICAGO, IL, 60617",111775911,460500,-87.575989747691,41.747701752775
114,8137 S JEFFERY BLVD,"8137 S JEFFERY BLVD, Chicago, IL, 60617","8137 S JEFFERY BLVD, CHICAGO, IL, 60617",111775911,460500,-87.575829650265,41.747285833183
115,8137 S JEFFERY BLVD,"8137 S JEFFERY BLVD, Chicago, IL, 60617","8137 S JEFFERY BLVD, CHICAGO, IL, 60617",111775911,460500,-87.575829650265,41.747285833183
116,8151 S JEFFERY BLVD,"8151 S JEFFERY BLVD, Chicago, IL, 60617","8151 S JEFFERY BLVD, CHICAGO, IL, 60617",111775911,460500,-87.575825628111,41.747042491394
117,8151 S JEFFERY BLVD,"8151 S JEFFERY BLVD, Chicago, IL, 60617","8151 S JEFFERY BLVD, CHICAGO, IL, 60617",111775911,460500,-87.575825628111,41.747042491394
118,5835 S OAKLEY AVE,"5835 S OAKLEY AVE, Chicago, IL, 60636","5835 S OAKLEY AVE, CHICAGO, IL, 60636",605308061,835100,-87.681049400612,41.787871272817
119,5840 S OAKLEY AVE,"5840 S OAKLEY AVE, Chicago, IL, 60636","5840 S OAKLEY AVE, CHICAGO, IL, 60636",605308061,835100,-87.681203087474,41.787793356768
120,8112 S JEFFERY BLVD,"8112 S JEFFERY BLVD, Chicago, IL, 60617","8112 S JEFFERY BLVD, CHICAGO, IL, 60617",111775911,460500,-87.575989747691,41.747701752775
121,7933 S JEFFERY BLVD,"7933 S JEFFERY BLVD, Chicago, IL, 60617","7933 S JEFFERY BLVD, CHICAGO, IL, 60617",657161289,460500,-87.575890541444,41.750991499759
122,7932 S JEFFERY BLVD,"7932 S JEFFERY BLVD, Chicago, IL, 60617","7932 S JEFFERY BLVD, CHICAGO, IL, 60617",657161289,460500,-87.576044126262,41.750989959543
123,7932 S JEFFERY BLVD,"7932 S JEFFERY BLVD, Chicago, IL, 60617","7932 S JEFFERY BLVD, CHICAGO, IL, 60617",657161289,460500,-87.576044126262,41.750989959543
124,7933 S JEFFERY BLVD,"7933 S JEFFERY BLVD, Chicago, IL, 60617","7933 S JEFFERY BLVD, CHICAGO, IL, 60617",657161289,460500,-87.575890541444,41.750991499759
125,5807 S OAKLEY AVE,"5807 S OAKLEY AVE, Chicago, IL, 60636","5807 S OAKLEY AVE, CHICAGO, IL, 60636",605308061,835100,-87.681063440077,41.788236349096
126,8116 S JEFFERY BLVD,"8116 S JEFFERY BLVD, Chicago, IL, 60617","8116 S JEFFERY BLVD, CHICAGO, IL, 60617",111775911,460500,-87.575988878591,41.747632224287
127,8104 S JEFFERY BLVD,"8104 S JEFFERY BLVD, Chicago, IL, 60617","8104 S JEFFERY BLVD, CHICAGO, IL, 60617",111775911,460500,-87.575991485889,41.747840809752
128,8104 S JEFFERY BLVD,"8104 S JEFFERY BLVD, Chicago, IL, 60617","8104 S JEFFERY BLVD, CHICAGO, IL, 60617",111775911,460500,-87.575991485889,41.747840809752
129,8116 S JEFFERY BLVD,"8116 S JEFFERY BLVD, Chicago, IL, 60617","8116 S JEFFERY BLVD, CHICAGO, IL, 60617",111775911,460500,-87.575988878591,41.747632224287
130,4831 S LAMON AVE,"4831 S LAMON AVE, Chicago, IL, 60638","4831 S LAMON AVE, CHICAGO, IL, 60638",111799840,560300,-87.745457173183,41.805188531782
131,8126 S JEFFERY BLVD,"8126 S JEFFERY BLVD, Chicago, IL, 60617","8126 S JEFFERY BLVD, CHICAGO, IL, 60617",111775911,460500,-87.575986101764,41.747458235724
132,7935 S JEFFERY BLVD,"7935 S JEFFERY BLVD, Chicago, IL, 60617","7935 S JEFFERY BLVD, CHICAGO, IL, 60617",657161289,460500,-87.575889915046,41.750956734437
133,7935 S JEFFERY BLVD,"7935 S JEFFERY BLVD, Chicago, IL, 60617","7935 S JEFFERY BLVD, CHICAGO, IL, 60617",657161289,460500,-87.575889915046,41.750956734437
134,7937 S JEFFERY BLVD,"7937 S JEFFERY BLVD, Chicago, IL, 60617","7937 S JEFFERY BLVD, CHICAGO, IL, 60617",657161289,460500,-87.575889288647,41.750921969114
135,7937 S JEFFERY BLVD,"7937 S JEFFERY BLVD, Chicago, IL, 60617","7937 S JEFFERY BLVD, CHICAGO, IL, 60617",657161289,460500,-87.575889288647,41.750921969114
136,8140 S JEFFERY BLVD,"8140 S JEFFERY BLVD, Chicago, IL, 60617","8140 S JEFFERY BLVD, CHICAGO, IL, 60617",111775911,460500,-87.57598207961,41.747214893935
137,8140 S JEFFERY BLVD,"8140 S JEFFERY BLVD, Chicago, IL, 60617","8140 S JEFFERY BLVD, CHICAGO, IL, 60617",111775911,460500,-87.57598207961,41.747214893935
138,8126 S JEFFERY BLVD,"8126 S JEFFERY BLVD, Chicago, IL, 60617","8126 S JEFFERY BLVD, CHICAGO, IL, 60617",111775911,460500,-87.575986101764,41.747458235724
139,7938 S JEFFERY BLVD,"7938 S JEFFERY BLVD, Chicago, IL, 60617","7938 S JEFFERY BLVD, CHICAGO, IL, 60617",657161289,460500,-87.576042247066,41.750885663576
140,8130 S JEFFERY BLVD,"8130 S JEFFERY BLVD, Chicago, IL, 60617","8130 S JEFFERY BLVD, CHICAGO, IL, 60617",111775911,460500,-87.575984952577,41.747388709498
141,7941 S JEFFERY BLVD,"7941 S JEFFERY BLVD, Chicago, IL, 60617","7941 S JEFFERY BLVD, CHICAGO, IL, 60617",657161289,460500,-87.57588803585,41.75085243847
142,8122 S JEFFERY BLVD,"8122 S JEFFERY BLVD, Chicago, IL, 60617","8122 S JEFFERY BLVD, CHICAGO, IL, 60617",111775911,460500,-87.57598725095,41.747527761949
143,7938 S JEFFERY BLVD,"7938 S JEFFERY BLVD, Chicago, IL, 60617","7938 S JEFFERY BLVD, CHICAGO, IL, 60617",657161289,460500,-87.576042247066,41.750885663576
144,8122 S JEFFERY BLVD,"8122 S JEFFERY BLVD, Chicago, IL, 60617","8122 S JEFFERY BLVD, CHICAGO, IL, 60617",111775911,460500,-87.57598725095,41.747527761949
145,8130 S JEFFERY BLVD,"8130 S JEFFERY BLVD, Chicago, IL, 60617","8130 S JEFFERY BLVD, CHICAGO, IL, 60617",111775911,460500,-87.575984952577,41.747388709498
146,7941 S JEFFERY BLVD,"7941 S JEFFERY BLVD, Chicago, IL, 60617","7941 S JEFFERY BLVD, CHICAGO, IL, 60617",657161289,460500,-87.57588803585,41.75085243847
147,7940 S JEFFERY BLVD,"7940 S JEFFERY BLVD, Chicago, IL, 60617","7940 S JEFFERY BLVD, CHICAGO, IL, 60617",657161289,460500,-87.576041620667,41.750850898254
148,7940 S JEFFERY BLVD,"7940 S JEFFERY BLVD, Chicago, IL, 60617","7940 S JEFFERY BLVD, CHICAGO, IL, 60617",657161289,460500,-87.576041620667,41.750850898254
149,8141 S JEFFERY BLVD,"8141 S JEFFERY BLVD, Chicago, IL, 60617","8141 S JEFFERY BLVD, CHICAGO, IL, 60617",111775911,460500,-87.575828501078,41.747216306958
150,8154 S JEFFERY BLVD,"8154 S JEFFERY BLVD, Chicago, IL, 60617","8154 S JEFFERY BLVD, CHICAGO, IL, 60617",111775911,460500,-87.575978057456,41.746971552146
151,8154 S JEFFERY BLVD,"8154 S JEFFERY BLVD, Chicago, IL, 60617","8154 S JEFFERY BLVD, CHICAGO, IL, 60617",111775911,460500,-87.575978057456,41.746971552146
152,7943 S JEFFERY BLVD,"7943 S JEFFERY BLVD, Chicago, IL, 60617","7943 S JEFFERY BLVD, CHICAGO, IL, 60617",657161289,460500,-87.575887409451,41.750817673148
153,7943 S JEFFERY BLVD,"7943 S JEFFERY BLVD, Chicago, IL, 60617","7943 S JEFFERY BLVD, CHICAGO, IL, 60617",657161289,460500,-87.575887409451,41.750817673148
154,8141 S JEFFERY BLVD,"8141 S JEFFERY BLVD, Chicago, IL, 60617","8141 S JEFFERY BLVD, CHICAGO, IL, 60617",111775911,460500,-87.575828501078,41.747216306958
155,8127 S JEFFERY BLVD,"8127 S JEFFERY BLVD, Chicago, IL, 60617","8127 S JEFFERY BLVD, CHICAGO, IL, 60617",111775911,460500,-87.575832523232,41.747459648747
156,8123 S JEFFERY BLVD,"8123 S JEFFERY BLVD, Chicago, IL, 60617","8123 S JEFFERY BLVD, CHICAGO, IL, 60617",111775911,460500,-87.575833672419,41.747529174972
157,7946 S JEFFERY BLVD,"7946 S JEFFERY BLVD, Chicago, IL, 60617","7946 S JEFFERY BLVD, CHICAGO, IL, 60617",657161289,460500,-87.576039741471,41.750746602287
158,8127 S JEFFERY BLVD,"8127 S JEFFERY BLVD, Chicago, IL, 60617","8127 S JEFFERY BLVD, CHICAGO, IL, 60617",111775911,460500,-87.575832523232,41.747459648747
159,7944 S JEFFERY BLVD,"7944 S JEFFERY BLVD, Chicago, IL, 60617","7944 S JEFFERY BLVD, CHICAGO, IL, 60617",657161289,460500,-87.57604036787,41.750781367609
160,8121 S JEFFERY BLVD,"8121 S JEFFERY BLVD, Chicago, IL, 60617","8121 S JEFFERY BLVD, CHICAGO, IL, 60617",111775911,460500,-87.575834247012,41.747563938085
161,8121 S JEFFERY BLVD,"8121 S JEFFERY BLVD, Chicago, IL, 60617","8121 S JEFFERY BLVD, CHICAGO, IL, 60617",111775911,460500,-87.575834247012,41.747563938085
162,7946 S JEFFERY BLVD,"7946 S JEFFERY BLVD, Chicago, IL, 60617","7946 S JEFFERY BLVD, CHICAGO, IL, 60617",657161289,460500,-87.576039741471,41.750746602287
163,7944 S JEFFERY BLVD,"7944 S JEFFERY BLVD, Chicago, IL, 60617","7944 S JEFFERY BLVD, CHICAGO, IL, 60617",657161289,460500,-87.57604036787,41.750781367609
164,7949 S JEFFERY BLVD,"7949 S JEFFERY BLVD, Chicago, IL, 60617","7949 S JEFFERY BLVD, CHICAGO, IL, 60617",657161289,460500,-87.575885530255,41.750713377181
165,8158 S JEFFERY BLVD,"8158 S JEFFERY BLVD, Chicago, IL, 60617","8158 S JEFFERY BLVD, CHICAGO, IL, 60617",111775911,460500,-87.575976908269,41.74690202592
166,8158 S JEFFERY BLVD,"8158 S JEFFERY BLVD, Chicago, IL, 60617","8158 S JEFFERY BLVD, CHICAGO, IL, 60617",111775911,460500,-87.575976908269,41.74690202592
167,7949 S JEFFERY BLVD,"7949 S JEFFERY BLVD, Chicago, IL, 60617","7949 S JEFFERY BLVD, CHICAGO, IL, 60617",657161289,460500,-87.575885530255,41.750713377181
168,8143 S JEFFERY BLVD,"8143 S JEFFERY BLVD, Chicago, IL, 60617","8143 S JEFFERY BLVD, CHICAGO, IL, 60617",111775911,460500,-87.575827926485,41.747181543845
169,7950 S JEFFERY BLVD,"7950 S JEFFERY BLVD, Chicago, IL, 60617","7950 S JEFFERY BLVD, CHICAGO, IL, 60617",657161289,460500,-87.576038488674,41.750677071642
170,8143 S JEFFERY BLVD,"8143 S JEFFERY BLVD, Chicago, IL, 60617","8143 S JEFFERY BLVD, CHICAGO, IL, 60617",111775911,460500,-87.575827926485,41.747181543845
171,7953 S JEFFERY BLVD,"7953 S JEFFERY BLVD, Chicago, IL, 60617","7953 S JEFFERY BLVD, CHICAGO, IL, 60617",657161289,460500,-87.575884277457,41.750643846536
172,7953 S JEFFERY BLVD,"7953 S JEFFERY BLVD, Chicago, IL, 60617","7953 S JEFFERY BLVD, CHICAGO, IL, 60617",657161289,460500,-87.575884277457,41.750643846536
173,8123 S JEFFERY BLVD,"8123 S JEFFERY BLVD, Chicago, IL, 60617","8123 S JEFFERY BLVD, CHICAGO, IL, 60617",111775911,460500,-87.575833672419,41.747529174972
174,8114 S JEFFERY BLVD,"8114 S JEFFERY BLVD, Chicago, IL, 60617","8114 S JEFFERY BLVD, CHICAGO, IL, 60617",111775911,460500,-87.575989313141,41.747666988531
175,8114 S JEFFERY BLVD,"8114 S JEFFERY BLVD, Chicago, IL, 60617","8114 S JEFFERY BLVD, CHICAGO, IL, 60617",111775911,460500,-87.575989313141,41.747666988531
176,7952 S JEFFERY BLVD,"7952 S JEFFERY BLVD, Chicago, IL, 60617","7952 S JEFFERY BLVD, CHICAGO, IL, 60617",657161289,460500,-87.576037862275,41.75064230632
177,7956 S JEFFERY BLVD,"7956 S JEFFERY BLVD, Chicago, IL, 60617","7956 S JEFFERY BLVD, CHICAGO, IL, 60617",657161289,460500,-87.576036609478,41.750572775675
178,8133 S JEFFERY BLVD,"8133 S JEFFERY BLVD, Chicago, IL, 60617","8133 S JEFFERY BLVD, CHICAGO, IL, 60617",111775911,460500,-87.575830799452,41.747355359409
179,8133 S JEFFERY BLVD,"8133 S JEFFERY BLVD, Chicago, IL, 60617","8133 S JEFFERY BLVD, CHICAGO, IL, 60617",111775911,460500,-87.575830799452,41.747355359409
180,8131 S JEFFERY BLVD,"8131 S JEFFERY BLVD, Chicago, IL, 60617","8131 S JEFFERY BLVD, CHICAGO, IL, 60617",111775911,460500,-87.575831374045,41.747390122522
181,7956 S JEFFERY BLVD,"7956 S JEFFERY BLVD, Chicago, IL, 60617","7956 S JEFFERY BLVD, CHICAGO, IL, 60617",657161289,460500,-87.576036609478,41.750572775675
182,7959 S JEFFERY BLVD,"7959 S JEFFERY BLVD, Chicago, IL, 60617","7959 S JEFFERY BLVD, CHICAGO, IL, 60617",657161289,460500,-87.575882398261,41.750539550569
183,7959 S JEFFERY BLVD,"7959 S JEFFERY BLVD, Chicago, IL, 60617","7959 S JEFFERY BLVD, CHICAGO, IL, 60617",657161289,460500,-87.575882398261,41.750539550569
184,8131 S JEFFERY BLVD,"8131 S JEFFERY BLVD, Chicago, IL, 60617","8131 S JEFFERY BLVD, CHICAGO, IL, 60617",111775911,460500,-87.575831374045,41.747390122522
185,8138 S JEFFERY BLVD,"8138 S JEFFERY BLVD, Chicago, IL, 60617","8138 S JEFFERY BLVD, CHICAGO, IL, 60617",111775911,460500,-87.575982654203,41.747249657047
186,8138 S JEFFERY BLVD,"8138 S JEFFERY BLVD, Chicago, IL, 60617","8138 S JEFFERY BLVD, CHICAGO, IL, 60617",111775911,460500,-87.575982654203,41.747249657047
187,8134 S JEFFERY BLVD,"8134 S JEFFERY BLVD, Chicago, IL, 60617","8134 S JEFFERY BLVD, CHICAGO, IL, 60617",111775911,460500,-87.57598380339,41.747319183273
188,8134 S JEFFERY BLVD,"8134 S JEFFERY BLVD, Chicago, IL, 60617","8134 S JEFFERY BLVD, CHICAGO, IL, 60617",111775911,460500,-87.57598380339,41.747319183273
189,5627 S OAKLEY AVE,"5627 S OAKLEY AVE, Chicago, IL, 60636","5627 S OAKLEY AVE, CHICAGO, IL, 60636",605451076,835100,-87.681157395526,41.791729597991
190,8159 S JEFFERY BLVD,"8159 S JEFFERY BLVD, Chicago, IL, 60617","8159 S JEFFERY BLVD, CHICAGO, IL, 60617",111775911,460500,-87.575823329738,41.746903438943
191,5521 S OAKLEY AVE,"5521 S OAKLEY AVE, Chicago, IL, 60636","5521 S OAKLEY AVE, CHICAGO, IL, 60636",605450923,835100,-87.681189871781,41.792898316202
192,8155 S JEFFERY BLVD,"8155 S JEFFERY BLVD, Chicago, IL, 60617","8155 S JEFFERY BLVD, CHICAGO, IL, 60617",111775911,460500,-87.575824478925,41.746972965169
193,8155 S JEFFERY BLVD,"8155 S JEFFERY BLVD, Chicago, IL, 60617","8155 S JEFFERY BLVD, CHICAGO, IL, 60617",111775911,460500,-87.575824478925,41.746972965169
194,5615 S OAKLEY AVE,"5615 S OAKLEY AVE, Chicago, IL, 60636","5615 S OAKLEY AVE, CHICAGO, IL, 60636",605451076,835100,-87.681159348858,41.791901302905
195,8159 S JEFFERY BLVD,"8159 S JEFFERY BLVD, Chicago, IL, 60617","8159 S JEFFERY BLVD, CHICAGO, IL, 60617",111775911,460500,-87.575823329738,41.746903438943
196,8152 S JEFFERY BLVD,"8152 S JEFFERY BLVD, Chicago, IL, 60617","8152 S JEFFERY BLVD, CHICAGO, IL, 60617",111775911,460500,-87.575978632049,41.747006315258
197,5631 S OAKLEY AVE,"5631 S OAKLEY AVE, Chicago, IL, 60636","5631 S OAKLEY AVE, CHICAGO, IL, 60636",605451076,835100,-87.681157395748,41.79167306569
198,5630 S OAKLEY AVE,"5630 S OAKLEY AVE, Chicago, IL, 60636","5630 S OAKLEY AVE, CHICAGO, IL, 60636",605451076,835100,-87.681311091727,41.791694907724
199,5628 S OAKLEY AVE,"5628 S OAKLEY AVE, Chicago, IL, 60636","5628 S OAKLEY AVE, CHICAGO, IL, 60636",605451076,835100,-87.681311091725,41.791723816287
200,8147 S JEFFERY BLVD,"8147 S JEFFERY BLVD, Chicago, IL, 60617","8147 S JEFFERY BLVD, CHICAGO, IL, 60617",111775911,460500,-87.575826777298,41.74711201762
201,8147 S JEFFERY BLVD,"8147 S JEFFERY BLVD, Chicago, IL, 60617","8147 S JEFFERY BLVD, CHICAGO, IL, 60617",111775911,460500,-87.575826777298,41.74711201762
202,8152 S JEFFERY BLVD,"8152 S JEFFERY BLVD, Chicago, IL, 60617","8152 S JEFFERY BLVD, CHICAGO, IL, 60617",111775911,460500,-87.575978632049,41.747006315258
203,5616 S OAKLEY AVE,"5616 S OAKLEY AVE, Chicago, IL, 60636","5616 S OAKLEY AVE, CHICAGO, IL, 60636",605451076,835100,-87.681312842509,41.791895108193
204,5526 S OAKLEY AVE,"5526 S OAKLEY AVE, Chicago, IL, 60636","5526 S OAKLEY AVE, CHICAGO, IL, 60636",605450923,835100,-87.68134097647,41.792805442043
205,8148 S JEFFERY BLVD,"8148 S JEFFERY BLVD, Chicago, IL, 60617","8148 S JEFFERY BLVD, CHICAGO, IL, 60617",111775911,460500,-87.575979781236,41.747075841484
206,8148 S JEFFERY BLVD,"8148 S JEFFERY BLVD, Chicago, IL, 60617","8148 S JEFFERY BLVD, CHICAGO, IL, 60617",111775911,460500,-87.575979781236,41.747075841484
207,5606 S OAKLEY AVE,"5606 S OAKLEY AVE, Chicago, IL, 60636","5606 S OAKLEY AVE, CHICAGO, IL, 60636",111804749,835100,-87.681322367786,41.792134939261
208,8144 S JEFFERY BLVD,"8144 S JEFFERY BLVD, Chicago, IL, 60617","8144 S JEFFERY BLVD, CHICAGO, IL, 60617",111775911,460500,-87.575980930423,41.747145367709
209,8144 S JEFFERY BLVD,"8144 S JEFFERY BLVD, Chicago, IL, 60617","8144 S JEFFERY BLVD, CHICAGO, IL, 60617",111775911,460500,-87.575980930423,41.747145367709
210,8120 S JEFFERY BLVD,"8120 S JEFFERY BLVD, Chicago, IL, 60617","8120 S JEFFERY BLVD, CHICAGO, IL, 60617",111775911,460500,-87.575987825544,41.747562525062
211,8044 S JEFFERY BLVD,"8044 S JEFFERY BLVD, Chicago, IL, 60617","8044 S JEFFERY BLVD, CHICAGO, IL, 60617",111775907,460500,-87.576012432069,41.748963346849
212,5622 S OAKLEY AVE,"5622 S OAKLEY AVE, Chicago, IL, 60636","5622 S OAKLEY AVE, CHICAGO, IL, 60636",605451076,835100,-87.681311091716,41.791810541975
213,8044 S JEFFERY BLVD,"8044 S JEFFERY BLVD, Chicago, IL, 60617","8044 S JEFFERY BLVD, CHICAGO, IL, 60617",111775907,460500,-87.576012432069,41.748963346849
214,8120 S JEFFERY BLVD,"8120 S JEFFERY BLVD, Chicago, IL, 60617","8120 S JEFFERY BLVD, CHICAGO, IL, 60617",111775911,460500,-87.575987825544,41.747562525062
215,5624 S OAKLEY AVE,"5624 S OAKLEY AVE, Chicago, IL, 60636","5624 S OAKLEY AVE, CHICAGO, IL, 60636",605451076,835100,-87.681311091719,41.791781633412
216,8119 S JEFFERY BLVD,"8119 S JEFFERY BLVD, Chicago, IL, 60617","8119 S JEFFERY BLVD, CHICAGO, IL, 60617",111775911,460500,-87.575834821606,41.747598701198
217,8119 S JEFFERY BLVD,"8119 S JEFFERY BLVD, Chicago, IL, 60617","8119 S JEFFERY BLVD, CHICAGO, IL, 60617",111775911,460500,-87.575834821606,41.747598701198
218,5623 S OAKLEY AVE,"5623 S OAKLEY AVE, Chicago, IL, 60636","5623 S OAKLEY AVE, CHICAGO, IL, 60636",605451076,835100,-87.681157395521,41.791786130291
219,5620 S OAKLEY AVE,"5620 S OAKLEY AVE, Chicago, IL, 60636","5620 S OAKLEY AVE, CHICAGO, IL, 60636",605451076,835100,-87.681311091713,41.791839450538
220,8108 S JEFFERY BLVD,"8108 S JEFFERY BLVD, Chicago, IL, 60617","8108 S JEFFERY BLVD, CHICAGO, IL, 60617",111775911,460500,-87.57599061679,41.747771281264
221,5532 S OAKLEY AVE,"5532 S OAKLEY AVE, Chicago, IL, 60636","5532 S OAKLEY AVE, CHICAGO, IL, 60636",605450923,835100,-87.68133994304,41.792768927392
222,8108 S JEFFERY BLVD,"8108 S JEFFERY BLVD, Chicago, IL, 60617","8108 S JEFFERY BLVD, CHICAGO, IL, 60617",111775911,460500,-87.57599061679,41.747771281264
223,5603 S OAKLEY AVE,"5603 S OAKLEY AVE, Chicago, IL, 60636","5603 S OAKLEY AVE, CHICAGO, IL, 60636",111804749,835100,-87.681172399859,41.792204437525
224,5611 S OAKLEY AVE,"5611 S OAKLEY AVE, Chicago, IL, 60636","5611 S OAKLEY AVE, CHICAGO, IL, 60636",605451076,835100,-87.681162173505,41.791957795965
225,5619 S OAKLEY AVE,"5619 S OAKLEY AVE, Chicago, IL, 60636","5619 S OAKLEY AVE, CHICAGO, IL, 60636",605451076,835100,-87.681157395515,41.791842662592
226,8111 S JEFFERY BLVD,"8111 S JEFFERY BLVD, Chicago, IL, 60617","8111 S JEFFERY BLVD, CHICAGO, IL, 60617",111775911,460500,-87.575836597849,41.747737585645
227,8111 S JEFFERY BLVD,"8111 S JEFFERY BLVD, Chicago, IL, 60617","8111 S JEFFERY BLVD, CHICAGO, IL, 60617",111775911,460500,-87.575836597849,41.747737585645
228,5527 S OAKLEY AVE,"5527 S OAKLEY AVE, Chicago, IL, 60636","5527 S OAKLEY AVE, CHICAGO, IL, 60636",605450923,835100,-87.681188720916,41.792857652158
229,5618 S OAKLEY AVE,"5618 S OAKLEY AVE, Chicago, IL, 60636","5618 S OAKLEY AVE, CHICAGO, IL, 60636",605451076,835100,-87.681311398087,41.791866219696
230,5522 S OAKLEY AVE,"5522 S OAKLEY AVE, Chicago, IL, 60636","5522 S OAKLEY AVE, CHICAGO, IL, 60636",605450923,835100,-87.681341665423,41.792829785144
231,8101 S JEFFERY BLVD,"8101 S JEFFERY BLVD, Chicago, IL, 60617","8101 S JEFFERY BLVD, CHICAGO, IL, 60617",111775911,460500,-87.575838770597,41.747911406866
232,8105 S JEFFERY BLVD,"8105 S JEFFERY BLVD, Chicago, IL, 60617","8105 S JEFFERY BLVD, CHICAGO, IL, 60617",111775911,460500,-87.575837901497,41.747841878378
233,8105 S JEFFERY BLVD,"8105 S JEFFERY BLVD, Chicago, IL, 60617","8105 S JEFFERY BLVD, CHICAGO, IL, 60617",111775911,460500,-87.575837901497,41.747841878378
234,8101 S JEFFERY BLVD,"8101 S JEFFERY BLVD, Chicago, IL, 60617","8101 S JEFFERY BLVD, CHICAGO, IL, 60617",111775911,460500,-87.575838770597,41.747911406866
235,8100 S JEFFERY BLVD,"8100 S JEFFERY BLVD, Chicago, IL, 60617","8100 S JEFFERY BLVD, CHICAGO, IL, 60617",111775911,460500,-87.575992354988,41.747910338241
236,5523 S OAKLEY AVE,"5523 S OAKLEY AVE, Chicago, IL, 60636","5523 S OAKLEY AVE, CHICAGO, IL, 60636",605450923,835100,-87.681189488159,41.79288476152
237,8100 S JEFFERY BLVD,"8100 S JEFFERY BLVD, Chicago, IL, 60617","8100 S JEFFERY BLVD, CHICAGO, IL, 60617",111775911,460500,-87.575992354988,41.747910338241
238,8058 S JEFFERY BLVD,"8058 S JEFFERY BLVD, Chicago, IL, 60617","8058 S JEFFERY BLVD, CHICAGO, IL, 60617",111775907,460500,-87.576008409807,41.748719998516
239,8058 S JEFFERY BLVD,"8058 S JEFFERY BLVD, Chicago, IL, 60617","8058 S JEFFERY BLVD, CHICAGO, IL, 60617",111775907,460500,-87.576008409807,41.748719998516
240,5515 S OAKLEY AVE,"5515 S OAKLEY AVE, Chicago, IL, 60636","5515 S OAKLEY AVE, CHICAGO, IL, 60636",605450923,835100,-87.681191022645,41.792938980245
241,5519 S OAKLEY AVE,"5519 S OAKLEY AVE, Chicago, IL, 60636","5519 S OAKLEY AVE, CHICAGO, IL, 60636",605450923,835100,-87.681190255402,41.792911870883
242,5514 S OAKLEY AVE,"5514 S OAKLEY AVE, Chicago, IL, 60636","5514 S OAKLEY AVE, CHICAGO, IL, 60636",605450923,835100,-87.681343043329,41.792878471346
243,8038 S JEFFERY BLVD,"8038 S JEFFERY BLVD, Chicago, IL, 60617","8038 S JEFFERY BLVD, CHICAGO, IL, 60617",111775907,460500,-87.576014155896,41.749067638993
244,8038 S JEFFERY BLVD,"8038 S JEFFERY BLVD, Chicago, IL, 60617","8038 S JEFFERY BLVD, CHICAGO, IL, 60617",111775907,460500,-87.576014155896,41.749067638993
245,5518 S OAKLEY AVE,"5518 S OAKLEY AVE, Chicago, IL, 60636","5518 S OAKLEY AVE, CHICAGO, IL, 60636",605450923,835100,-87.681342354376,41.792854128245
246,5516 S OAKLEY AVE,"5516 S OAKLEY AVE, Chicago, IL, 60636","5516 S OAKLEY AVE, CHICAGO, IL, 60636",605450923,835100,-87.681342698853,41.792866299796
247,8042 S JEFFERY BLVD,"8042 S JEFFERY BLVD, Chicago, IL, 60617","8042 S JEFFERY BLVD, CHICAGO, IL, 60617",111775907,460500,-87.576013006678,41.748998110897
248,4949 S LAMON AVE,"4949 S LAMON AVE, Chicago, IL, 60638","4949 S LAMON AVE, CHICAGO, IL, 60638",111800117,560300,-87.745399089367,41.803049111729
249,8042 S JEFFERY BLVD,"8042 S JEFFERY BLVD, Chicago, IL, 60617","8042 S JEFFERY BLVD, CHICAGO, IL, 60617",111775907,460500,-87.576013006678,41.748998110897
250,8050 S JEFFERY BLVD,"8050 S JEFFERY BLVD, Chicago, IL, 60617","8050 S JEFFERY BLVD, CHICAGO, IL, 60617",111775907,460500,-87.576010708243,41.748859054706
251,8050 S JEFFERY BLVD,"8050 S JEFFERY BLVD, Chicago, IL, 60617","8050 S JEFFERY BLVD, CHICAGO, IL, 60617",111775907,460500,-87.576010708243,41.748859054706
252,5029 S LAMON AVE,"5029 S LAMON AVE, Chicago, IL, 60638","5029 S LAMON AVE, CHICAGO, IL, 60638",111800125,560300,-87.745367103062,41.801569404238
253,8046 S JEFFERY BLVD,"8046 S JEFFERY BLVD, Chicago, IL, 60617","8046 S JEFFERY BLVD, CHICAGO, IL, 60617",111775907,460500,-87.576011857461,41.748928582802
254,8026 S JEFFERY BLVD,"8026 S JEFFERY BLVD, Chicago, IL, 60617","8026 S JEFFERY BLVD, CHICAGO, IL, 60617",111775907,460500,-87.576017603549,41.749276223279
255,8046 S JEFFERY BLVD,"8046 S JEFFERY BLVD, Chicago, IL, 60617","8046 S JEFFERY BLVD, CHICAGO, IL, 60617",111775907,460500,-87.576011857461,41.748928582802
256,8026 S JEFFERY BLVD,"8026 S JEFFERY BLVD, Chicago, IL, 60617","8026 S JEFFERY BLVD, CHICAGO, IL, 60617",111775907,460500,-87.576017603549,41.749276223279
257,8012 S JEFFERY BLVD,"8012 S JEFFERY BLVD, Chicago, IL, 60617","8012 S JEFFERY BLVD, CHICAGO, IL, 60617",111775907,460500,-87.576021249607,41.74951974687
258,8012 S JEFFERY BLVD,"8012 S JEFFERY BLVD, Chicago, IL, 60617","8012 S JEFFERY BLVD, CHICAGO, IL, 60617",111775907,460500,-87.576021249607,41.74951974687
259,8054 S JEFFERY BLVD,"8054 S JEFFERY BLVD, Chicago, IL, 60617","8054 S JEFFERY BLVD, CHICAGO, IL, 60617",111775907,460500,-87.576009559025,41.748789526611
260,8054 S JEFFERY BLVD,"8054 S JEFFERY BLVD, Chicago, IL, 60617","8054 S JEFFERY BLVD, CHICAGO, IL, 60617",111775907,460500,-87.576009559025,41.748789526611
261,4823 S LAMON AVE,"4823 S LAMON AVE, Chicago, IL, 60638","4823 S LAMON AVE, CHICAGO, IL, 60638",111799840,560300,-87.745460620975,41.805327593271
262,8024 S JEFFERY BLVD,"8024 S JEFFERY BLVD, Chicago, IL, 60617","8024 S JEFFERY BLVD, CHICAGO, IL, 60617",111775907,460500,-87.576018178158,41.749310987326
263,8024 S JEFFERY BLVD,"8024 S JEFFERY BLVD, Chicago, IL, 60617","8024 S JEFFERY BLVD, CHICAGO, IL, 60617",111775907,460500,-87.576018178158,41.749310987326
264,8028 S JEFFERY BLVD,"8028 S JEFFERY BLVD, Chicago, IL, 60617","8028 S JEFFERY BLVD, CHICAGO, IL, 60617",111775907,460500,-87.57601702894,41.749241459231
265,8028 S JEFFERY BLVD,"8028 S JEFFERY BLVD, Chicago, IL, 60617","8028 S JEFFERY BLVD, CHICAGO, IL, 60617",111775907,460500,-87.57601702894,41.749241459231
266,8032 S JEFFERY BLVD,"8032 S JEFFERY BLVD, Chicago, IL, 60617","8032 S JEFFERY BLVD, CHICAGO, IL, 60617",111775907,460500,-87.576015879723,41.749171931136
267,8036 S JEFFERY BLVD,"8036 S JEFFERY BLVD, Chicago, IL, 60617","8036 S JEFFERY BLVD, CHICAGO, IL, 60617",111775907,460500,-87.576014730505,41.74910240304
268,8036 S JEFFERY BLVD,"8036 S JEFFERY BLVD, Chicago, IL, 60617","8036 S JEFFERY BLVD, CHICAGO, IL, 60617",111775907,460500,-87.576014730505,41.74910240304
269,8032 S JEFFERY BLVD,"8032 S JEFFERY BLVD, Chicago, IL, 60617","8032 S JEFFERY BLVD, CHICAGO, IL, 60617",111775907,460500,-87.576015879723,41.749171931136
270,8020 S JEFFERY BLVD,"8020 S JEFFERY BLVD, Chicago, IL, 60617","8020 S JEFFERY BLVD, CHICAGO, IL, 60617",111775907,460500,-87.576019327376,41.749380515422
271,8016 S JEFFERY BLVD,"8016 S JEFFERY BLVD, Chicago, IL, 60617","8016 S JEFFERY BLVD, CHICAGO, IL, 60617",111775907,460500,-87.576020380484,41.749450216511
272,8016 S JEFFERY BLVD,"8016 S JEFFERY BLVD, Chicago, IL, 60617","8016 S JEFFERY BLVD, CHICAGO, IL, 60617",111775907,460500,-87.576020380484,41.749450216511
273,8020 S JEFFERY BLVD,"8020 S JEFFERY BLVD, Chicago, IL, 60617","8020 S JEFFERY BLVD, CHICAGO, IL, 60617",111775907,460500,-87.576019327376,41.749380515422
274,8014 S JEFFERY BLVD,"8014 S JEFFERY BLVD, Chicago, IL, 60617","8014 S JEFFERY BLVD, CHICAGO, IL, 60617",111775907,460500,-87.576020815046,41.74948498169
275,8008 S JEFFERY BLVD,"8008 S JEFFERY BLVD, Chicago, IL, 60617","8008 S JEFFERY BLVD, CHICAGO, IL, 60617",111775907,460500,-87.576022118729,41.749589277228
276,8008 S JEFFERY BLVD,"8008 S JEFFERY BLVD, Chicago, IL, 60617","8008 S JEFFERY BLVD, CHICAGO, IL, 60617",111775907,460500,-87.576022118729,41.749589277228
277,8014 S JEFFERY BLVD,"8014 S JEFFERY BLVD, Chicago, IL, 60617","8014 S JEFFERY BLVD, CHICAGO, IL, 60617",111775907,460500,-87.576020815046,41.74948498169
278,5059 S LAMON AVE,"5059 S LAMON AVE, Chicago, IL, 60638","5059 S LAMON AVE, CHICAGO, IL, 60638",111800125,560300,-87.745352143558,41.801047956817
279,5055 S LAMON AVE,"5055 S LAMON AVE, Chicago, IL, 60638","5055 S LAMON AVE, CHICAGO, IL, 60638",111800125,560300,-87.745354138159,41.80111748314
280,5055 S LAMON AVE,"5055 S LAMON AVE, Chicago, IL, 60638","5055 S LAMON AVE, CHICAGO, IL, 60638",111800125,560300,-87.745354138159,41.80111748314
281,5059 S LAMON AVE,"5059 S LAMON AVE, Chicago, IL, 60638","5059 S LAMON AVE, CHICAGO, IL, 60638",111800125,560300,-87.745352143558,41.801047956817
282,5045 S LAMON AVE,"5045 S LAMON AVE, Chicago, IL, 60638","5045 S LAMON AVE, CHICAGO, IL, 60638",111800125,560300,-87.74535912466,41.801291298947
283,5045 S LAMON AVE,"5045 S LAMON AVE, Chicago, IL, 60638","5045 S LAMON AVE, CHICAGO, IL, 60638",111800125,560300,-87.74535912466,41.801291298947
284,5043 S LAMON AVE,"5043 S LAMON AVE, Chicago, IL, 60638","5043 S LAMON AVE, CHICAGO, IL, 60638",111800125,560300,-87.74536012196,41.801326062108
285,5043 S LAMON AVE,"5043 S LAMON AVE, Chicago, IL, 60638","5043 S LAMON AVE, CHICAGO, IL, 60638",111800125,560300,-87.74536012196,41.801326062108
286,4817 S LAMON AVE,"4817 S LAMON AVE, Chicago, IL, 60638","4817 S LAMON AVE, CHICAGO, IL, 60638",111799840,560300,-87.745463588051,41.805432349266
287,4941 S LAMON AVE,"4941 S LAMON AVE, Chicago, IL, 60638","4941 S LAMON AVE, CHICAGO, IL, 60638",111800117,560300,-87.745403480509,41.80318962874
288,4941 S LAMON AVE,"4941 S LAMON AVE, Chicago, IL, 60638","4941 S LAMON AVE, CHICAGO, IL, 60638",111800117,560300,-87.745403480509,41.80318962874
289,4817 S LAMON AVE,"4817 S LAMON AVE, Chicago, IL, 60638","4817 S LAMON AVE, CHICAGO, IL, 60638",111799840,560300,-87.745463588051,41.805432349266
290,4943 S LAMON AVE,"4943 S LAMON AVE, Chicago, IL, 60638","4943 S LAMON AVE, CHICAGO, IL, 60638",111800117,560300,-87.745402382724,41.803154499488
291,3022 S UNION AVE,"3022 S UNION AVE, Chicago, IL, 60616","3022 S UNION AVE, CHICAGO, IL, 60616",605507705,600400,-87.643966443406,41.839554905428
292,3027 S UNION AVE,"3027 S UNION AVE, Chicago, IL, 60616","3027 S UNION AVE, CHICAGO, IL, 60616",605507705,600400,-87.643811195618,41.839504766575
293,5029 S LAMON AVE,"5029 S LAMON AVE, Chicago, IL, 60638","5029 S LAMON AVE, CHICAGO, IL, 60638",111800125,560300,-87.745367103062,41.801569404238
294,3022 S UNION AVE,"3022 S UNION AVE, Chicago, IL, 60616","3022 S UNION AVE, CHICAGO, IL, 60616",605507705,600400,-87.643966443406,41.839554905428
295,4943 S LAMON AVE,"4943 S LAMON AVE, Chicago, IL, 60638","4943 S LAMON AVE, CHICAGO, IL, 60638",111800117,560300,-87.745402382724,41.803154499488
296,3023 S UNION AVE,"3023 S UNION AVE, Chicago, IL, 60616","3023 S UNION AVE, CHICAGO, IL, 60616",605507705,600400,-87.643812688978,41.839558027622
297,3023 S UNION AVE,"3023 S UNION AVE, Chicago, IL, 60616","3023 S UNION AVE, CHICAGO, IL, 60616",605507705,600400,-87.643812688978,41.839558027622
298,3026 S UNION AVE,"3026 S UNION AVE, Chicago, IL, 60616","3026 S UNION AVE, CHICAGO, IL, 60616",605507705,600400,-87.643964986093,41.839502910905
299,3027 S UNION AVE,"3027 S UNION AVE, Chicago, IL, 60616","3027 S UNION AVE, CHICAGO, IL, 60616",605507705,600400,-87.643811195618,41.839504766575
300,3026 S UNION AVE,"3026 S UNION AVE, Chicago, IL, 60616","3026 S UNION AVE, CHICAGO, IL, 60616",605507705,600400,-87.643964986093,41.839502910905
301,7950 S JEFFERY BLVD,"7950 S JEFFERY BLVD, Chicago, IL, 60617","7950 S JEFFERY BLVD, CHICAGO, IL, 60617",657161289,460500,-87.576038488674,41.750677071642
302,3042 S UNION AVE,"3042 S UNION AVE, Chicago, IL, 60616","3042 S UNION AVE, CHICAGO, IL, 60616",605507705,600400,-87.643960409319,41.839292378326
303,5049 S LAMON AVE,"5049 S LAMON AVE, Chicago, IL, 60638","5049 S LAMON AVE, CHICAGO, IL, 60638",111800125,560300,-87.74535713006,41.801221772624
304,4635 S LAMON AVE,"4635 S LAMON AVE, Chicago, IL, 60638","4635 S LAMON AVE, CHICAGO, IL, 60638",605301054,560200,-87.745557831092,41.808920205092
305,5021 S LAMON AVE,"5021 S LAMON AVE, Chicago, IL, 60638","5021 S LAMON AVE, CHICAGO, IL, 60638",111800125,560300,-87.745371092263,41.801708456884
306,5021 S LAMON AVE,"5021 S LAMON AVE, Chicago, IL, 60638","5021 S LAMON AVE, CHICAGO, IL, 60638",111800125,560300,-87.745371092263,41.801708456884
307,3039 S UNION AVE,"3039 S UNION AVE, Chicago, IL, 60616","3039 S UNION AVE, CHICAGO, IL, 60616",605507705,600400,-87.643807763038,41.839346867141
308,5041 S LAMON AVE,"5041 S LAMON AVE, Chicago, IL, 60638","5041 S LAMON AVE, CHICAGO, IL, 60638",111800125,560300,-87.745361119261,41.80136082527
309,5049 S LAMON AVE,"5049 S LAMON AVE, Chicago, IL, 60638","5049 S LAMON AVE, CHICAGO, IL, 60638",111800125,560300,-87.74535713006,41.801221772624
310,5041 S LAMON AVE,"5041 S LAMON AVE, Chicago, IL, 60638","5041 S LAMON AVE, CHICAGO, IL, 60638",111800125,560300,-87.745361119261,41.80136082527
311,3043 S UNION AVE,"3043 S UNION AVE, Chicago, IL, 60616","3043 S UNION AVE, CHICAGO, IL, 60616",605507705,600400,-87.643806618844,41.839294233996
312,3039 S UNION AVE,"3039 S UNION AVE, Chicago, IL, 60616","3039 S UNION AVE, CHICAGO, IL, 60616",605507705,600400,-87.643807763038,41.839346867141
313,4925 S LAMON AVE,"4925 S LAMON AVE, Chicago, IL, 60638","4925 S LAMON AVE, CHICAGO, IL, 60638",111800117,560300,-87.745410259065,41.803470375685
314,4925 S LAMON AVE,"4925 S LAMON AVE, Chicago, IL, 60638","4925 S LAMON AVE, CHICAGO, IL, 60638",111800117,560300,-87.745410259065,41.803470375685
315,5005 S LAMON AVE,"5005 S LAMON AVE, Chicago, IL, 60638","5005 S LAMON AVE, CHICAGO, IL, 60638",111800125,560300,-87.745378206269,41.801986417548
316,4935 S LAMON AVE,"4935 S LAMON AVE, Chicago, IL, 60638","4935 S LAMON AVE, CHICAGO, IL, 60638",111800117,560300,-87.745406076553,41.803294709436
317,5005 S LAMON AVE,"5005 S LAMON AVE, Chicago, IL, 60638","5005 S LAMON AVE, CHICAGO, IL, 60638",111800125,560300,-87.745378206269,41.801986417548
318,3042 S UNION AVE,"3042 S UNION AVE, Chicago, IL, 60616","3042 S UNION AVE, CHICAGO, IL, 60616",605507705,600400,-87.643960409319,41.839292378326
319,4937 S LAMON AVE,"4937 S LAMON AVE, Chicago, IL, 60638","4937 S LAMON AVE, CHICAGO, IL, 60638",111800117,560300,-87.745405240051,41.803259576186
320,5025 S LAMON AVE,"5025 S LAMON AVE, Chicago, IL, 60638","5025 S LAMON AVE, CHICAGO, IL, 60638",111800125,560300,-87.745369097662,41.801638930561
321,4937 S LAMON AVE,"4937 S LAMON AVE, Chicago, IL, 60638","4937 S LAMON AVE, CHICAGO, IL, 60638",111800117,560300,-87.745405240051,41.803259576186
322,5035 S LAMON AVE,"5035 S LAMON AVE, Chicago, IL, 60638","5035 S LAMON AVE, CHICAGO, IL, 60638",111800125,560300,-87.745364111161,41.801465114754
323,5035 S LAMON AVE,"5035 S LAMON AVE, Chicago, IL, 60638","5035 S LAMON AVE, CHICAGO, IL, 60638",111800125,560300,-87.745364111161,41.801465114754
324,3043 S UNION AVE,"3043 S UNION AVE, Chicago, IL, 60616","3043 S UNION AVE, CHICAGO, IL, 60616",605507705,600400,-87.643806618844,41.839294233996
325,4935 S LAMON AVE,"4935 S LAMON AVE, Chicago, IL, 60638","4935 S LAMON AVE, CHICAGO, IL, 60638",111800117,560300,-87.745406076553,41.803294709436
326,5025 S LAMON AVE,"5025 S LAMON AVE, Chicago, IL, 60638","5025 S LAMON AVE, CHICAGO, IL, 60638",111800125,560300,-87.745369097662,41.801638930561
327,4953 S LAMON AVE,"4953 S LAMON AVE, Chicago, IL, 60638","4953 S LAMON AVE, CHICAGO, IL, 60638",111800117,560300,-87.745396893796,41.802978853224
328,4953 S LAMON AVE,"4953 S LAMON AVE, Chicago, IL, 60638","4953 S LAMON AVE, CHICAGO, IL, 60638",111800117,560300,-87.745396893796,41.802978853224
329,3029 S UNION AVE,"3029 S UNION AVE, Chicago, IL, 60616","3029 S UNION AVE, CHICAGO, IL, 60616",605507705,600400,-87.643810623521,41.839478450003
330,4949 S LAMON AVE,"4949 S LAMON AVE, Chicago, IL, 60638","4949 S LAMON AVE, CHICAGO, IL, 60638",111800117,560300,-87.745399089367,41.803049111729
331,5001 S LAMON AVE,"5001 S LAMON AVE, Chicago, IL, 60638","5001 S LAMON AVE, CHICAGO, IL, 60638",111800125,560300,-87.745379944516,41.802055947695
332,5001 S LAMON AVE,"5001 S LAMON AVE, Chicago, IL, 60638","5001 S LAMON AVE, CHICAGO, IL, 60638",111800125,560300,-87.745379944516,41.802055947695
333,3029 S UNION AVE,"3029 S UNION AVE, Chicago, IL, 60616","3029 S UNION AVE, CHICAGO, IL, 60616",605507705,600400,-87.643810623521,41.839478450003
334,5013 S LAMON AVE,"5013 S LAMON AVE, Chicago, IL, 60638","5013 S LAMON AVE, CHICAGO, IL, 60638",111800125,560300,-87.745374729776,41.801847357253
335,5013 S LAMON AVE,"5013 S LAMON AVE, Chicago, IL, 60638","5013 S LAMON AVE, CHICAGO, IL, 60638",111800125,560300,-87.745374729776,41.801847357253
336,5017 S LAMON AVE,"5017 S LAMON AVE, Chicago, IL, 60638","5017 S LAMON AVE, CHICAGO, IL, 60638",111800125,560300,-87.74537299153,41.801777827106
337,4859 S LAMON AVE,"4859 S LAMON AVE, Chicago, IL, 60638","4859 S LAMON AVE, CHICAGO, IL, 60638",111799840,560300,-87.745445105914,41.804701816571
338,4859 S LAMON AVE,"4859 S LAMON AVE, Chicago, IL, 60638","4859 S LAMON AVE, CHICAGO, IL, 60638",111799840,560300,-87.745445105914,41.804701816571
339,3028 S UNION AVE,"3028 S UNION AVE, Chicago, IL, 60616","3028 S UNION AVE, CHICAGO, IL, 60616",605507705,600400,-87.643964413996,41.839476594333
340,3028 S UNION AVE,"3028 S UNION AVE, Chicago, IL, 60616","3028 S UNION AVE, CHICAGO, IL, 60616",605507705,600400,-87.643964413996,41.839476594333
341,4923 S LAMON AVE,"4923 S LAMON AVE, Chicago, IL, 60638","4923 S LAMON AVE, CHICAGO, IL, 60638",111800117,560300,-87.745411095568,41.803505508935
342,4923 S LAMON AVE,"4923 S LAMON AVE, Chicago, IL, 60638","4923 S LAMON AVE, CHICAGO, IL, 60638",111800117,560300,-87.745411095568,41.803505508935
343,4917 S LAMON AVE,"4917 S LAMON AVE, Chicago, IL, 60638","4917 S LAMON AVE, CHICAGO, IL, 60638",111800117,560300,-87.74541401341,41.803611447331
344,4917 S LAMON AVE,"4917 S LAMON AVE, Chicago, IL, 60638","4917 S LAMON AVE, CHICAGO, IL, 60638",111800117,560300,-87.74541401341,41.803611447331
345,4947 S LAMON AVE,"4947 S LAMON AVE, Chicago, IL, 60638","4947 S LAMON AVE, CHICAGO, IL, 60638",111800117,560300,-87.745400187153,41.803084240982
346,3011 S UNION AVE,"3011 S UNION AVE, Chicago, IL, 60616","3011 S UNION AVE, CHICAGO, IL, 60616",605507705,600400,-87.643818464383,41.839715889137
347,3011 S UNION AVE,"3011 S UNION AVE, Chicago, IL, 60616","3011 S UNION AVE, CHICAGO, IL, 60616",605507705,600400,-87.643818464383,41.839715889137
348,4947 S LAMON AVE,"4947 S LAMON AVE, Chicago, IL, 60638","4947 S LAMON AVE, CHICAGO, IL, 60638",111800117,560300,-87.745400187153,41.803084240982
349,3010 S UNION AVE,"3010 S UNION AVE, Chicago, IL, 60616","3010 S UNION AVE, CHICAGO, IL, 60616",605507705,600400,-87.643972218811,41.839712766943
350,5017 S LAMON AVE,"5017 S LAMON AVE, Chicago, IL, 60638","5017 S LAMON AVE, CHICAGO, IL, 60638",111800125,560300,-87.74537299153,41.801777827106
351,5011 S LAMON AVE,"5011 S LAMON AVE, Chicago, IL, 60638","5011 S LAMON AVE, CHICAGO, IL, 60638",111800125,560300,-87.745375598899,41.801882122327
352,5011 S LAMON AVE,"5011 S LAMON AVE, Chicago, IL, 60638","5011 S LAMON AVE, CHICAGO, IL, 60638",111800125,560300,-87.745375598899,41.801882122327
353,3010 S UNION AVE,"3010 S UNION AVE, Chicago, IL, 60616","3010 S UNION AVE, CHICAGO, IL, 60616",605507705,600400,-87.643972218811,41.839712766943
354,4927 S LAMON AVE,"4927 S LAMON AVE, Chicago, IL, 60638","4927 S LAMON AVE, CHICAGO, IL, 60638",111800117,560300,-87.745409422563,41.803435242435
355,4755 S LAMON AVE,"4755 S LAMON AVE, Chicago, IL, 60638","4755 S LAMON AVE, CHICAGO, IL, 60638",605301311,560300,-87.745489058921,41.806386985011
356,4843 S LAMON AVE,"4843 S LAMON AVE, Chicago, IL, 60638","4843 S LAMON AVE, CHICAGO, IL, 60638",111799840,560300,-87.745452001496,41.804979939549
357,4927 S LAMON AVE,"4927 S LAMON AVE, Chicago, IL, 60638","4927 S LAMON AVE, CHICAGO, IL, 60638",111800117,560300,-87.745409422563,41.803435242435
358,4843 S LAMON AVE,"4843 S LAMON AVE, Chicago, IL, 60638","4843 S LAMON AVE, CHICAGO, IL, 60638",111799840,560300,-87.745452001496,41.804979939549
359,4755 S LAMON AVE,"4755 S LAMON AVE, Chicago, IL, 60638","4755 S LAMON AVE, CHICAGO, IL, 60638",605301311,560300,-87.745489058921,41.806386985011
360,4825 S LAMON AVE,"4825 S LAMON AVE, Chicago, IL, 60638","4825 S LAMON AVE, CHICAGO, IL, 60638",111799840,560300,-87.745459759027,41.805292827899
361,4747 S LAMON AVE,"4747 S LAMON AVE, Chicago, IL, 60638","4747 S LAMON AVE, CHICAGO, IL, 60638",605301311,560300,-87.745492476702,41.806490192702
362,4747 S LAMON AVE,"4747 S LAMON AVE, Chicago, IL, 60638","4747 S LAMON AVE, CHICAGO, IL, 60638",605301311,560300,-87.745492476702,41.806490192702
363,4825 S LAMON AVE,"4825 S LAMON AVE, Chicago, IL, 60638","4825 S LAMON AVE, CHICAGO, IL, 60638",111799840,560300,-87.745459759027,41.805292827899
364,4837 S LAMON AVE,"4837 S LAMON AVE, Chicago, IL, 60638","4837 S LAMON AVE, CHICAGO, IL, 60638",111799840,560300,-87.74545458734,41.805084235665
365,4823 S LAMON AVE,"4823 S LAMON AVE, Chicago, IL, 60638","4823 S LAMON AVE, CHICAGO, IL, 60638",111799840,560300,-87.745460620975,41.805327593271
366,4829 S LAMON AVE,"4829 S LAMON AVE, Chicago, IL, 60638","4829 S LAMON AVE, CHICAGO, IL, 60638",111799840,560300,-87.745458035131,41.805223297154
367,4829 S LAMON AVE,"4829 S LAMON AVE, Chicago, IL, 60638","4829 S LAMON AVE, CHICAGO, IL, 60638",111799840,560300,-87.745458035131,41.805223297154
368,4837 S LAMON AVE,"4837 S LAMON AVE, Chicago, IL, 60638","4837 S LAMON AVE, CHICAGO, IL, 60638",111799840,560300,-87.74545458734,41.805084235665
369,4907 S LAMON AVE,"4907 S LAMON AVE, Chicago, IL, 60638","4907 S LAMON AVE, CHICAGO, IL, 60638",111800117,560300,-87.745420438829,41.803787075946
370,4901 S LAMON AVE,"4901 S LAMON AVE, Chicago, IL, 60638","4901 S LAMON AVE, CHICAGO, IL, 60638",111800117,560300,-87.74542429408,41.803892453115
371,4901 S LAMON AVE,"4901 S LAMON AVE, Chicago, IL, 60638","4901 S LAMON AVE, CHICAGO, IL, 60638",111800117,560300,-87.74542429408,41.803892453115
372,4907 S LAMON AVE,"4907 S LAMON AVE, Chicago, IL, 60638","4907 S LAMON AVE, CHICAGO, IL, 60638",111800117,560300,-87.745420438829,41.803787075946
373,4807 S LAMON AVE,"4807 S LAMON AVE, Chicago, IL, 60638","4807 S LAMON AVE, CHICAGO, IL, 60638",111799840,560300,-87.745469794996,41.805606144236
374,4807 S LAMON AVE,"4807 S LAMON AVE, Chicago, IL, 60638","4807 S LAMON AVE, CHICAGO, IL, 60638",111799840,560300,-87.745469794996,41.805606144236
375,4959 S LAMON AVE,"4959 S LAMON AVE, Chicago, IL, 60638","4959 S LAMON AVE, CHICAGO, IL, 60638",111800117,560300,-87.74539360044,41.802873465466
376,4959 S LAMON AVE,"4959 S LAMON AVE, Chicago, IL, 60638","4959 S LAMON AVE, CHICAGO, IL, 60638",111800117,560300,-87.74539360044,41.802873465466
377,4955 S LAMON AVE,"4955 S LAMON AVE, Chicago, IL, 60638","4955 S LAMON AVE, CHICAGO, IL, 60638",111800117,560300,-87.745395796011,41.802943723971
378,4955 S LAMON AVE,"4955 S LAMON AVE, Chicago, IL, 60638","4955 S LAMON AVE, CHICAGO, IL, 60638",111800117,560300,-87.745395796011,41.802943723971
379,4915 S LAMON AVE,"4915 S LAMON AVE, Chicago, IL, 60638","4915 S LAMON AVE, CHICAGO, IL, 60638",111800117,560300,-87.745415298494,41.803646573053
380,4915 S LAMON AVE,"4915 S LAMON AVE, Chicago, IL, 60638","4915 S LAMON AVE, CHICAGO, IL, 60638",111800117,560300,-87.745415298494,41.803646573053
381,4801 S LAMON AVE,"4801 S LAMON AVE, Chicago, IL, 60638","4801 S LAMON AVE, CHICAGO, IL, 60638",111799840,560300,-87.745473687336,41.805710535034
382,4853 S LAMON AVE,"4853 S LAMON AVE, Chicago, IL, 60638","4853 S LAMON AVE, CHICAGO, IL, 60638",111799840,560300,-87.745447691757,41.804806112687
383,4853 S LAMON AVE,"4853 S LAMON AVE, Chicago, IL, 60638","4853 S LAMON AVE, CHICAGO, IL, 60638",111799840,560300,-87.745447691757,41.804806112687
384,4849 S LAMON AVE,"4849 S LAMON AVE, Chicago, IL, 60638","4849 S LAMON AVE, CHICAGO, IL, 60638",111799840,560300,-87.745449415653,41.804875643432
385,4849 S LAMON AVE,"4849 S LAMON AVE, Chicago, IL, 60638","4849 S LAMON AVE, CHICAGO, IL, 60638",111799840,560300,-87.745449415653,41.804875643432
386,4801 S LAMON AVE,"4801 S LAMON AVE, Chicago, IL, 60638","4801 S LAMON AVE, CHICAGO, IL, 60638",111799840,560300,-87.745473687336,41.805710535034
387,4833 S LAMON AVE,"4833 S LAMON AVE, Chicago, IL, 60638","4833 S LAMON AVE, CHICAGO, IL, 60638",111799840,560300,-87.745456311235,41.80515376641
388,4847 S LAMON AVE,"4847 S LAMON AVE, Chicago, IL, 60638","4847 S LAMON AVE, CHICAGO, IL, 60638",111799840,560300,-87.745450277601,41.804910408804
389,4833 S LAMON AVE,"4833 S LAMON AVE, Chicago, IL, 60638","4833 S LAMON AVE, CHICAGO, IL, 60638",111799840,560300,-87.745456311235,41.80515376641
390,4847 S LAMON AVE,"4847 S LAMON AVE, Chicago, IL, 60638","4847 S LAMON AVE, CHICAGO, IL, 60638",111799840,560300,-87.745450277601,41.804910408804
391,4731 S LAMON AVE,"4731 S LAMON AVE, Chicago, IL, 60638","4731 S LAMON AVE, CHICAGO, IL, 60638",605301311,560300,-87.745500055162,41.806694811689
392,4855 S LAMON AVE,"4855 S LAMON AVE, Chicago, IL, 60638","4855 S LAMON AVE, CHICAGO, IL, 60638",111799840,560300,-87.745446829809,41.804771347315
393,4855 S LAMON AVE,"4855 S LAMON AVE, Chicago, IL, 60638","4855 S LAMON AVE, CHICAGO, IL, 60638",111799840,560300,-87.745446829809,41.804771347315
394,4731 S LAMON AVE,"4731 S LAMON AVE, Chicago, IL, 60638","4731 S LAMON AVE, CHICAGO, IL, 60638",605301311,560300,-87.745500055162,41.806694811689
395,4805 S LAMON AVE,"4805 S LAMON AVE, Chicago, IL, 60638","4805 S LAMON AVE, CHICAGO, IL, 60638",111799840,560300,-87.745471036385,41.80564090323
396,4805 S LAMON AVE,"4805 S LAMON AVE, Chicago, IL, 60638","4805 S LAMON AVE, CHICAGO, IL, 60638",111799840,560300,-87.745471036385,41.80564090323
397,4621 S LAMON AVE,"4621 S LAMON AVE, Chicago, IL, 60638","4621 S LAMON AVE, CHICAGO, IL, 60638",605301054,560200,-87.745563144785,41.809099724714
398,4831 S LAMON AVE,"4831 S LAMON AVE, Chicago, IL, 60638","4831 S LAMON AVE, CHICAGO, IL, 60638",111799840,560300,-87.745457173183,41.805188531782
399,4819 S LAMON AVE,"4819 S LAMON AVE, Chicago, IL, 60638","4819 S LAMON AVE, CHICAGO, IL, 60638",111799840,560300,-87.74546234487,41.805397124015
400,4605 S LAMON AVE,"4605 S LAMON AVE, Chicago, IL, 60638","4605 S LAMON AVE, CHICAGO, IL, 60638",605301054,560200,-87.745570817787,41.809304338656
401,4605 S LAMON AVE,"4605 S LAMON AVE, Chicago, IL, 60638","4605 S LAMON AVE, CHICAGO, IL, 60638",605301054,560200,-87.745570817787,41.809304338656
402,4819 S LAMON AVE,"4819 S LAMON AVE, Chicago, IL, 60638","4819 S LAMON AVE, CHICAGO, IL, 60638",111799840,560300,-87.74546234487,41.805397124015
403,4841 S LAMON AVE,"4841 S LAMON AVE, Chicago, IL, 60638","4841 S LAMON AVE, CHICAGO, IL, 60638",111799840,560300,-87.745452863444,41.805014704921
404,4841 S LAMON AVE,"4841 S LAMON AVE, Chicago, IL, 60638","4841 S LAMON AVE, CHICAGO, IL, 60638",111799840,560300,-87.745452863444,41.805014704921
405,4739 S LAMON AVE,"4739 S LAMON AVE, Chicago, IL, 60638","4739 S LAMON AVE, CHICAGO, IL, 60638",605301311,560300,-87.745496265932,41.806592502196
406,4739 S LAMON AVE,"4739 S LAMON AVE, Chicago, IL, 60638","4739 S LAMON AVE, CHICAGO, IL, 60638",605301311,560300,-87.745496265932,41.806592502196
407,4715 S LAMON AVE,"4715 S LAMON AVE, Chicago, IL, 60638","4715 S LAMON AVE, CHICAGO, IL, 60638",605301311,560300,-87.745507633621,41.806899430677
408,4715 S LAMON AVE,"4715 S LAMON AVE, Chicago, IL, 60638","4715 S LAMON AVE, CHICAGO, IL, 60638",605301311,560300,-87.745507633621,41.806899430677
409,4621 S LAMON AVE,"4621 S LAMON AVE, Chicago, IL, 60638","4621 S LAMON AVE, CHICAGO, IL, 60638",605301054,560200,-87.745563144785,41.809099724714
410,4751 S LAMON AVE,"4751 S LAMON AVE, Chicago, IL, 60638","4751 S LAMON AVE, CHICAGO, IL, 60638",605301311,560300,-87.745490582087,41.806439037955
411,4751 S LAMON AVE,"4751 S LAMON AVE, Chicago, IL, 60638","4751 S LAMON AVE, CHICAGO, IL, 60638",605301311,560300,-87.745490582087,41.806439037955
412,4735 S LAMON AVE,"4735 S LAMON AVE, Chicago, IL, 60638","4735 S LAMON AVE, CHICAGO, IL, 60638",605301311,560300,-87.745498160547,41.806643656942
413,4735 S LAMON AVE,"4735 S LAMON AVE, Chicago, IL, 60638","4735 S LAMON AVE, CHICAGO, IL, 60638",605301311,560300,-87.745498160547,41.806643656942
414,4813 S LAMON AVE,"4813 S LAMON AVE, Chicago, IL, 60638","4813 S LAMON AVE, CHICAGO, IL, 60638",111799840,560300,-87.745466070829,41.805501867254
415,5618 S OAKLEY AVE,"5618 S OAKLEY AVE, Chicago, IL, 60636","5618 S OAKLEY AVE, CHICAGO, IL, 60636",605451076,835100,-87.681311398087,41.791866219696
416,5602 S OAKLEY AVE,"5602 S OAKLEY AVE, Chicago, IL, 60636","5602 S OAKLEY AVE, CHICAGO, IL, 60636",111804749,835100,-87.68132668484,41.792212646372
417,5519 S OAKLEY AVE,"5519 S OAKLEY AVE, Chicago, IL, 60636","5519 S OAKLEY AVE, CHICAGO, IL, 60636",605450923,835100,-87.681190255402,41.792911870883
418,5518 S OAKLEY AVE,"5518 S OAKLEY AVE, Chicago, IL, 60636","5518 S OAKLEY AVE, CHICAGO, IL, 60636",605450923,835100,-87.681342354376,41.792854128245
419,5516 S OAKLEY AVE,"5516 S OAKLEY AVE, Chicago, IL, 60636","5516 S OAKLEY AVE, CHICAGO, IL, 60636",605450923,835100,-87.681342698853,41.792866299796
420,5521 S OAKLEY AVE,"5521 S OAKLEY AVE, Chicago, IL, 60636","5521 S OAKLEY AVE, CHICAGO, IL, 60636",605450923,835100,-87.681189871781,41.792898316202
421,5522 S OAKLEY AVE,"5522 S OAKLEY AVE, Chicago, IL, 60636","5522 S OAKLEY AVE, CHICAGO, IL, 60636",605450923,835100,-87.681341665423,41.792829785144
422,5515 S OAKLEY AVE,"5515 S OAKLEY AVE, Chicago, IL, 60636","5515 S OAKLEY AVE, CHICAGO, IL, 60636",605450923,835100,-87.681191022645,41.792938980245
423,5514 S OAKLEY AVE,"5514 S OAKLEY AVE, Chicago, IL, 60636","5514 S OAKLEY AVE, CHICAGO, IL, 60636",605450923,835100,-87.681343043329,41.792878471346
424,5523 S OAKLEY AVE,"5523 S OAKLEY AVE, Chicago, IL, 60636","5523 S OAKLEY AVE, CHICAGO, IL, 60636",605450923,835100,-87.681189488159,41.79288476152
425,5526 S OAKLEY AVE,"5526 S OAKLEY AVE, Chicago, IL, 60636","5526 S OAKLEY AVE, CHICAGO, IL, 60636",605450923,835100,-87.68134097647,41.792805442043
426,5527 S OAKLEY AVE,"5527 S OAKLEY AVE, Chicago, IL, 60636","5527 S OAKLEY AVE, CHICAGO, IL, 60636",605450923,835100,-87.681188720916,41.792857652158
427,5532 S OAKLEY AVE,"5532 S OAKLEY AVE, Chicago, IL, 60636","5532 S OAKLEY AVE, CHICAGO, IL, 60636",605450923,835100,-87.68133994304,41.792768927392
428,5616 S OAKLEY AVE,"5616 S OAKLEY AVE, Chicago, IL, 60636","5616 S OAKLEY AVE, CHICAGO, IL, 60636",605451076,835100,-87.681312842509,41.791895108193
429,5602 S OAKLEY AVE,"5602 S OAKLEY AVE, Chicago, IL, 60636","5602 S OAKLEY AVE, CHICAGO, IL, 60636",111804749,835100,-87.68132668484,41.792212646372
430,5840 S OAKLEY AVE,"5840 S OAKLEY AVE, Chicago, IL, 60636","5840 S OAKLEY AVE, CHICAGO, IL, 60636",605308061,835100,-87.681203087474,41.787793356768
431,5619 S OAKLEY AVE,"5619 S OAKLEY AVE, Chicago, IL, 60636","5619 S OAKLEY AVE, CHICAGO, IL, 60636",605451076,835100,-87.681157395515,41.791842662592
432,5615 S OAKLEY AVE,"5615 S OAKLEY AVE, Chicago, IL, 60636","5615 S OAKLEY AVE, CHICAGO, IL, 60636",605451076,835100,-87.681159348858,41.791901302905
433,5611 S OAKLEY AVE,"5611 S OAKLEY AVE, Chicago, IL, 60636","5611 S OAKLEY AVE, CHICAGO, IL, 60636",605451076,835100,-87.681162173505,41.791957795965
434,5622 S OAKLEY AVE,"5622 S OAKLEY AVE, Chicago, IL, 60636","5622 S OAKLEY AVE, CHICAGO, IL, 60636",605451076,835100,-87.681311091716,41.791810541975
435,5623 S OAKLEY AVE,"5623 S OAKLEY AVE, Chicago, IL, 60636","5623 S OAKLEY AVE, CHICAGO, IL, 60636",605451076,835100,-87.681157395521,41.791786130291
436,5624 S OAKLEY AVE,"5624 S OAKLEY AVE, Chicago, IL, 60636","5624 S OAKLEY AVE, CHICAGO, IL, 60636",605451076,835100,-87.681311091719,41.791781633412
437,5627 S OAKLEY AVE,"5627 S OAKLEY AVE, Chicago, IL, 60636","5627 S OAKLEY AVE, CHICAGO, IL, 60636",605451076,835100,-87.681157395526,41.791729597991
438,2300 W 59TH ST,"2300 W 59TH ST, Chicago, IL, 60636","2300 W 59TH ST, CHICAGO, IL, 60636",111804859,835100,-87.681188496413,41.786596799399
439,5630 S OAKLEY AVE,"5630 S OAKLEY AVE, Chicago, IL, 60636","5630 S OAKLEY AVE, CHICAGO, IL, 60636",605451076,835100,-87.681311091727,41.791694907724
440,5631 S OAKLEY AVE,"5631 S OAKLEY AVE, Chicago, IL, 60636","5631 S OAKLEY AVE, CHICAGO, IL, 60636",605451076,835100,-87.681157395748,41.79167306569
441,5606 S OAKLEY AVE,"5606 S OAKLEY AVE, Chicago, IL, 60636","5606 S OAKLEY AVE, CHICAGO, IL, 60636",111804749,835100,-87.681322367786,41.792134939261
442,5603 S OAKLEY AVE,"5603 S OAKLEY AVE, Chicago, IL, 60636","5603 S OAKLEY AVE, CHICAGO, IL, 60636",111804749,835100,-87.681172399859,41.792204437525
443,5807 S OAKLEY AVE,"5807 S OAKLEY AVE, Chicago, IL, 60636","5807 S OAKLEY AVE, CHICAGO, IL, 60636",605308061,835100,-87.681063440077,41.788236349096
444,5828 S OAKLEY AVE,"5828 S OAKLEY AVE, Chicago, IL, 60636","5828 S OAKLEY AVE, CHICAGO, IL, 60636",605308061,835100,-87.681203087459,41.787949188884
445,5835 S OAKLEY AVE,"5835 S OAKLEY AVE, Chicago, IL, 60636","5835 S OAKLEY AVE, CHICAGO, IL, 60636",605308061,835100,-87.681049400612,41.787871272817
446,5620 S OAKLEY AVE,"5620 S OAKLEY AVE, Chicago, IL, 60636","5620 S OAKLEY AVE, CHICAGO, IL, 60636",605451076,835100,-87.681311091713,41.791839450538
447,5628 S OAKLEY AVE,"5628 S OAKLEY AVE, Chicago, IL, 60636","5628 S OAKLEY AVE, CHICAGO, IL, 60636",605451076,835100,-87.681311091725,41.791723816287
448,3057 N NARRAGANSETT AVE,"3057 N NARRAGANSETT AVE, Chicago, IL, 60634","3057 N NARRAGANSETT AVE, CHICAGO, IL, 60634",111750759,190401,-87.785773961825,41.935924024533
449,3057 N NARRAGANSETT AVE,"3057 N NARRAGANSETT AVE, Chicago, IL, 60634","3057 N NARRAGANSETT AVE, CHICAGO, IL, 60634",111750759,190401,-87.785773961825,41.935924024533
450,4719 S LAMON AVE,"4719 S LAMON AVE, Chicago, IL, 60638","4719 S LAMON AVE, CHICAGO, IL, 60638",605301311,560300,-87.745505739006,41.80684827593
451,4719 S LAMON AVE,"4719 S LAMON AVE, Chicago, IL, 60638","4719 S LAMON AVE, CHICAGO, IL, 60638",605301311,560300,-87.745505739006,41.80684827593
452,4733 S LAMON AVE,"4733 S LAMON AVE, Chicago, IL, 60638","4733 S LAMON AVE, CHICAGO, IL, 60638",605301311,560300,-87.745499107854,41.806669234316
453,4813 S LAMON AVE,"4813 S LAMON AVE, Chicago, IL, 60638","4813 S LAMON AVE, CHICAGO, IL, 60638",111799840,560300,-87.745466070829,41.805501867254
454,4733 S LAMON AVE,"4733 S LAMON AVE, Chicago, IL, 60638","4733 S LAMON AVE, CHICAGO, IL, 60638",605301311,560300,-87.745499107854,41.806669234316
455,4759 S LAMON AVE,"4759 S LAMON AVE, Chicago, IL, 60638","4759 S LAMON AVE, CHICAGO, IL, 60638",605301311,560300,-87.745488233595,41.806335814472
456,4741 S LAMON AVE,"4741 S LAMON AVE, Chicago, IL, 60638","4741 S LAMON AVE, CHICAGO, IL, 60638",605301311,560300,-87.745495318624,41.806566924822
457,4759 S LAMON AVE,"4759 S LAMON AVE, Chicago, IL, 60638","4759 S LAMON AVE, CHICAGO, IL, 60638",605301311,560300,-87.745488233595,41.806335814472
458,4745 S LAMON AVE,"4745 S LAMON AVE, Chicago, IL, 60638","4745 S LAMON AVE, CHICAGO, IL, 60638",605301311,560300,-87.745493424009,41.806515770075
459,4745 S LAMON AVE,"4745 S LAMON AVE, Chicago, IL, 60638","4745 S LAMON AVE, CHICAGO, IL, 60638",605301311,560300,-87.745493424009,41.806515770075
460,4741 S LAMON AVE,"4741 S LAMON AVE, Chicago, IL, 60638","4741 S LAMON AVE, CHICAGO, IL, 60638",605301311,560300,-87.745495318624,41.806566924822
461,4811 S LAMON AVE,"4811 S LAMON AVE, Chicago, IL, 60638","4811 S LAMON AVE, CHICAGO, IL, 60638",111799840,560300,-87.745467312218,41.805536626248
462,4725 S LAMON AVE,"4725 S LAMON AVE, Chicago, IL, 60638","4725 S LAMON AVE, CHICAGO, IL, 60638",605301311,560300,-87.745502897084,41.80677154381
463,4725 S LAMON AVE,"4725 S LAMON AVE, Chicago, IL, 60638","4725 S LAMON AVE, CHICAGO, IL, 60638",605301311,560300,-87.745502897084,41.80677154381
464,4721 S LAMON AVE,"4721 S LAMON AVE, Chicago, IL, 60638","4721 S LAMON AVE, CHICAGO, IL, 60638",605301311,560300,-87.745504791699,41.806822698556
465,4811 S LAMON AVE,"4811 S LAMON AVE, Chicago, IL, 60638","4811 S LAMON AVE, CHICAGO, IL, 60638",111799840,560300,-87.745467312218,41.805536626248
466,4721 S LAMON AVE,"4721 S LAMON AVE, Chicago, IL, 60638","4721 S LAMON AVE, CHICAGO, IL, 60638",605301311,560300,-87.745504791699,41.806822698556
467,4641 S LAMON AVE,"4641 S LAMON AVE, Chicago, IL, 60638","4641 S LAMON AVE, CHICAGO, IL, 60638",605301054,560200,-87.745555775433,41.80884346019
468,6216 W BARRY AVE,"6216 W BARRY AVE, Chicago, IL, 60634","6216 W BARRY AVE, CHICAGO, IL, 60634",111750774,190401,-87.78146177681,41.936603064643
469,6248 W BARRY AVE,"6248 W BARRY AVE, Chicago, IL, 60634","6248 W BARRY AVE, CHICAGO, IL, 60634",111750774,190401,-87.782201537717,41.936593688894
470,6228 W BARRY AVE,"6228 W BARRY AVE, Chicago, IL, 60634","6228 W BARRY AVE, CHICAGO, IL, 60634",111750774,190401,-87.781738775435,41.936599419671
471,6226 W BARRY AVE,"6226 W BARRY AVE, Chicago, IL, 60634","6226 W BARRY AVE, CHICAGO, IL, 60634",111750774,190401,-87.781692499207,41.936599992749
472,6220 W BARRY AVE,"6220 W BARRY AVE, Chicago, IL, 60634","6220 W BARRY AVE, CHICAGO, IL, 60634",111750774,190401,-87.781553670522,41.936601711982
473,4641 S LAMON AVE,"4641 S LAMON AVE, Chicago, IL, 60638","4641 S LAMON AVE, CHICAGO, IL, 60638",605301054,560200,-87.745555775433,41.80884346019
474,4609 S LAMON AVE,"4609 S LAMON AVE, Chicago, IL, 60638","4609 S LAMON AVE, CHICAGO, IL, 60638",605301054,560200,-87.745568899537,41.809253185171
475,4627 S LAMON AVE,"4627 S LAMON AVE, Chicago, IL, 60638","4627 S LAMON AVE, CHICAGO, IL, 60638",605301054,560200,-87.745560571971,41.809022531628
476,4609 S LAMON AVE,"4609 S LAMON AVE, Chicago, IL, 60638","4609 S LAMON AVE, CHICAGO, IL, 60638",605301054,560200,-87.745568899537,41.809253185171
477,6248 W BARRY AVE,"6248 W BARRY AVE, Chicago, IL, 60634","6248 W BARRY AVE, CHICAGO, IL, 60634",111750774,190401,-87.782201537717,41.936593688894
478,6228 W BARRY AVE,"6228 W BARRY AVE, Chicago, IL, 60634","6228 W BARRY AVE, CHICAGO, IL, 60634",111750774,190401,-87.781738775435,41.936599419671
479,6226 W BARRY AVE,"6226 W BARRY AVE, Chicago, IL, 60634","6226 W BARRY AVE, CHICAGO, IL, 60634",111750774,190401,-87.781692499207,41.936599992749
480,6220 W BARRY AVE,"6220 W BARRY AVE, Chicago, IL, 60634","6220 W BARRY AVE, CHICAGO, IL, 60634",111750774,190401,-87.781553670522,41.936601711982
481,4627 S LAMON AVE,"4627 S LAMON AVE, Chicago, IL, 60638","4627 S LAMON AVE, CHICAGO, IL, 60638",605301054,560200,-87.745560571971,41.809022531628
482,6216 W BARRY AVE,"6216 W BARRY AVE, Chicago, IL, 60634","6216 W BARRY AVE, CHICAGO, IL, 60634",111750774,190401,-87.78146177681,41.936603064643
483,4639 S LAMON AVE,"4639 S LAMON AVE, Chicago, IL, 60638","4639 S LAMON AVE, CHICAGO, IL, 60638",605301054,560200,-87.745556460652,41.808869041824
484,4633 S LAMON AVE,"4633 S LAMON AVE, Chicago, IL, 60638","4633 S LAMON AVE, CHICAGO, IL, 60638",605301054,560200,-87.745558516311,41.808945786726
485,4639 S LAMON AVE,"4639 S LAMON AVE, Chicago, IL, 60638","4639 S LAMON AVE, CHICAGO, IL, 60638",605301054,560200,-87.745556460652,41.808869041824
486,4633 S LAMON AVE,"4633 S LAMON AVE, Chicago, IL, 60638","4633 S LAMON AVE, CHICAGO, IL, 60638",605301054,560200,-87.745558516311,41.808945786726
487,4623 S LAMON AVE,"4623 S LAMON AVE, Chicago, IL, 60638","4623 S LAMON AVE, CHICAGO, IL, 60638",605301054,560200,-87.74556218566,41.809074147971
488,4623 S LAMON AVE,"4623 S LAMON AVE, Chicago, IL, 60638","4623 S LAMON AVE, CHICAGO, IL, 60638",605301054,560200,-87.74556218566,41.809074147971
489,4635 S LAMON AVE,"4635 S LAMON AVE, Chicago, IL, 60638","4635 S LAMON AVE, CHICAGO, IL, 60638",605301054,560200,-87.745557831092,41.808920205092
490,4559 S LAMON AVE,"4559 S LAMON AVE, Chicago, IL, 60638","4559 S LAMON AVE, CHICAGO, IL, 60638",111799808,560200,-87.745595084224,41.810172302687
491,4559 S LAMON AVE,"4559 S LAMON AVE, Chicago, IL, 60638","4559 S LAMON AVE, CHICAGO, IL, 60638",111799808,560200,-87.745595084224,41.810172302687
492,4645 S LAMON AVE,"4645 S LAMON AVE, Chicago, IL, 60638","4645 S LAMON AVE, CHICAGO, IL, 60638",605301054,560200,-87.745554404993,41.808792296922
493,4631 S LAMON AVE,"4631 S LAMON AVE, Chicago, IL, 60638","4631 S LAMON AVE, CHICAGO, IL, 60638",605301054,560200,-87.745559201531,41.80897136836
494,4553 S LAMON AVE,"4553 S LAMON AVE, Chicago, IL, 60638","4553 S LAMON AVE, CHICAGO, IL, 60638",111799808,560200,-87.745598107728,41.810277693774
495,4553 S LAMON AVE,"4553 S LAMON AVE, Chicago, IL, 60638","4553 S LAMON AVE, CHICAGO, IL, 60638",111799808,560200,-87.745598107728,41.810277693774
496,4645 S LAMON AVE,"4645 S LAMON AVE, Chicago, IL, 60638","4645 S LAMON AVE, CHICAGO, IL, 60638",605301054,560200,-87.745554404993,41.808792296922
497,4631 S LAMON AVE,"4631 S LAMON AVE, Chicago, IL, 60638","4631 S LAMON AVE, CHICAGO, IL, 60638",605301054,560200,-87.745559201531,41.80897136836
498,4501 S LAMON AVE,"4501 S LAMON AVE, Chicago, IL, 60638","4501 S LAMON AVE, CHICAGO, IL, 60638",111799808,560200,-87.745622966851,41.811190919481
499,4611 S LAMON AVE,"4611 S LAMON AVE, Chicago, IL, 60638","4611 S LAMON AVE, CHICAGO, IL, 60638",605301054,560200,-87.745567940412,41.809227608428
500,4501 S LAMON AVE,"4501 S LAMON AVE, Chicago, IL, 60638","4501 S LAMON AVE, CHICAGO, IL, 60638",111799808,560200,-87.745622966851,41.811190919481
501,4611 S LAMON AVE,"4611 S LAMON AVE, Chicago, IL, 60638","4611 S LAMON AVE, CHICAGO, IL, 60638",605301054,560200,-87.745567940412,41.809227608428
502,4615 S LAMON AVE,"4615 S LAMON AVE, Chicago, IL, 60638","4615 S LAMON AVE, CHICAGO, IL, 60638",605301054,560200,-87.745566022161,41.809176454942
503,4615 S LAMON AVE,"4615 S LAMON AVE, Chicago, IL, 60638","4615 S LAMON AVE, CHICAGO, IL, 60638",605301054,560200,-87.745566022161,41.809176454942
504,4601 S LAMON AVE,"4601 S LAMON AVE, Chicago, IL, 60638","4601 S LAMON AVE, CHICAGO, IL, 60638",605301054,560200,-87.745572736038,41.809355492142
505,4541 S LAMON AVE,"4541 S LAMON AVE, Chicago, IL, 60638","4541 S LAMON AVE, CHICAGO, IL, 60638",111799808,560200,-87.745604154736,41.810488475947
506,4541 S LAMON AVE,"4541 S LAMON AVE, Chicago, IL, 60638","4541 S LAMON AVE, CHICAGO, IL, 60638",111799808,560200,-87.745604154736,41.810488475947
507,4601 S LAMON AVE,"4601 S LAMON AVE, Chicago, IL, 60638","4601 S LAMON AVE, CHICAGO, IL, 60638",605301054,560200,-87.745572736038,41.809355492142
508,4511 S LAMON AVE,"4511 S LAMON AVE, Chicago, IL, 60638","4511 S LAMON AVE, CHICAGO, IL, 60638",111799808,560200,-87.745618682407,41.811015256542
509,4511 S LAMON AVE,"4511 S LAMON AVE, Chicago, IL, 60638","4511 S LAMON AVE, CHICAGO, IL, 60638",111799808,560200,-87.745618682407,41.811015256542
510,4543 S LAMON AVE,"4543 S LAMON AVE, Chicago, IL, 60638","4543 S LAMON AVE, CHICAGO, IL, 60638",111799808,560200,-87.745603146901,41.810453345585
511,4543 S LAMON AVE,"4543 S LAMON AVE, Chicago, IL, 60638","4543 S LAMON AVE, CHICAGO, IL, 60638",111799808,560200,-87.745603146901,41.810453345585
512,4515 S LAMON AVE,"4515 S LAMON AVE, Chicago, IL, 60638","4515 S LAMON AVE, CHICAGO, IL, 60638",111799808,560200,-87.745616968629,41.810944991366
513,4515 S LAMON AVE,"4515 S LAMON AVE, Chicago, IL, 60638","4515 S LAMON AVE, CHICAGO, IL, 60638",111799808,560200,-87.745616968629,41.810944991366
514,4517 S LAMON AVE,"4517 S LAMON AVE, Chicago, IL, 60638","4517 S LAMON AVE, CHICAGO, IL, 60638",111799808,560200,-87.74561611174,41.810909858778
515,4507 S LAMON AVE,"4507 S LAMON AVE, Chicago, IL, 60638","4507 S LAMON AVE, CHICAGO, IL, 60638",111799808,560200,-87.745620396184,41.811085521717
516,4555 S LAMON AVE,"4555 S LAMON AVE, Chicago, IL, 60638","4555 S LAMON AVE, CHICAGO, IL, 60638",111799808,560200,-87.745597099893,41.810242563411
517,4555 S LAMON AVE,"4555 S LAMON AVE, Chicago, IL, 60638","4555 S LAMON AVE, CHICAGO, IL, 60638",111799808,560200,-87.745597099893,41.810242563411
518,4517 S LAMON AVE,"4517 S LAMON AVE, Chicago, IL, 60638","4517 S LAMON AVE, CHICAGO, IL, 60638",111799808,560200,-87.74561611174,41.810909858778
519,4507 S LAMON AVE,"4507 S LAMON AVE, Chicago, IL, 60638","4507 S LAMON AVE, CHICAGO, IL, 60638",111799808,560200,-87.745620396184,41.811085521717
520,4535 S LAMON AVE,"4535 S LAMON AVE, Chicago, IL, 60638","4535 S LAMON AVE, CHICAGO, IL, 60638",111799808,560200,-87.74560717824,41.810593867034
521,4525 S LAMON AVE,"4525 S LAMON AVE, Chicago, IL, 60638","4525 S LAMON AVE, CHICAGO, IL, 60638",111799808,560200,-87.745612217413,41.810769518845
522,4547 S LAMON AVE,"4547 S LAMON AVE, Chicago, IL, 60638","4547 S LAMON AVE, CHICAGO, IL, 60638",111799808,560200,-87.745601131232,41.81038308486
523,4525 S LAMON AVE,"4525 S LAMON AVE, Chicago, IL, 60638","4525 S LAMON AVE, CHICAGO, IL, 60638",111799808,560200,-87.745612217413,41.810769518845
524,4547 S LAMON AVE,"4547 S LAMON AVE, Chicago, IL, 60638","4547 S LAMON AVE, CHICAGO, IL, 60638",111799808,560200,-87.745601131232,41.81038308486
525,4537 S LAMON AVE,"4537 S LAMON AVE, Chicago, IL, 60638","4537 S LAMON AVE, CHICAGO, IL, 60638",111799808,560200,-87.745606170405,41.810558736671
526,4537 S LAMON AVE,"4537 S LAMON AVE, Chicago, IL, 60638","4537 S LAMON AVE, CHICAGO, IL, 60638",111799808,560200,-87.745606170405,41.810558736671
527,4529 S LAMON AVE,"4529 S LAMON AVE, Chicago, IL, 60638","4529 S LAMON AVE, CHICAGO, IL, 60638",111799808,560200,-87.745610201744,41.81069925812
528,4531 S LAMON AVE,"4531 S LAMON AVE, Chicago, IL, 60638","4531 S LAMON AVE, CHICAGO, IL, 60638",111799808,560200,-87.745609193909,41.810664127758
529,4531 S LAMON AVE,"4531 S LAMON AVE, Chicago, IL, 60638","4531 S LAMON AVE, CHICAGO, IL, 60638",111799808,560200,-87.745609193909,41.810664127758
530,4535 S LAMON AVE,"4535 S LAMON AVE, Chicago, IL, 60638","4535 S LAMON AVE, CHICAGO, IL, 60638",111799808,560200,-87.74560717824,41.810593867034
531,4529 S LAMON AVE,"4529 S LAMON AVE, Chicago, IL, 60638","4529 S LAMON AVE, CHICAGO, IL, 60638",111799808,560200,-87.745610201744,41.81069925812
532,4519 S LAMON AVE,"4519 S LAMON AVE, Chicago, IL, 60638","4519 S LAMON AVE, CHICAGO, IL, 60638",111799808,560200,-87.745615240917,41.810874909931
533,4521 S LAMON AVE,"4521 S LAMON AVE, Chicago, IL, 60638","4521 S LAMON AVE, CHICAGO, IL, 60638",111799808,560200,-87.745614233082,41.810839779569
534,4521 S LAMON AVE,"4521 S LAMON AVE, Chicago, IL, 60638","4521 S LAMON AVE, CHICAGO, IL, 60638",111799808,560200,-87.745614233082,41.810839779569
535,4505 S LAMON AVE,"4505 S LAMON AVE, Chicago, IL, 60638","4505 S LAMON AVE, CHICAGO, IL, 60638",111799808,560200,-87.745621253073,41.811120654305
536,4505 S LAMON AVE,"4505 S LAMON AVE, Chicago, IL, 60638","4505 S LAMON AVE, CHICAGO, IL, 60638",111799808,560200,-87.745621253073,41.811120654305
537,4519 S LAMON AVE,"4519 S LAMON AVE, Chicago, IL, 60638","4519 S LAMON AVE, CHICAGO, IL, 60638",111799808,560200,-87.745615240917,41.810874909931
538,6308 W BARRY AVE,"6308 W BARRY AVE, Chicago, IL, 60634","6308 W BARRY AVE, CHICAGO, IL, 60634",605161703,190401,-87.78378959111,41.936575440662
539,6310 W BARRY AVE,"6310 W BARRY AVE, Chicago, IL, 60634","6310 W BARRY AVE, CHICAGO, IL, 60634",605161703,190401,-87.78385930857,41.936575440666
540,6318 W BARRY AVE,"6318 W BARRY AVE, Chicago, IL, 60634","6318 W BARRY AVE, CHICAGO, IL, 60634",605161703,190401,-87.784140132035,41.936571138361
541,6254 W BARRY AVE,"6254 W BARRY AVE, Chicago, IL, 60634","6254 W BARRY AVE, CHICAGO, IL, 60634",111750774,190401,-87.782340366402,41.936591969661
542,6310 W BARRY AVE,"6310 W BARRY AVE, Chicago, IL, 60634","6310 W BARRY AVE, CHICAGO, IL, 60634",605161703,190401,-87.78385930857,41.936575440666
543,6318 W BARRY AVE,"6318 W BARRY AVE, Chicago, IL, 60634","6318 W BARRY AVE, CHICAGO, IL, 60634",605161703,190401,-87.784140132035,41.936571138361
544,6308 W BARRY AVE,"6308 W BARRY AVE, Chicago, IL, 60634","6308 W BARRY AVE, CHICAGO, IL, 60634",605161703,190401,-87.78378959111,41.936575440662
545,6254 W BARRY AVE,"6254 W BARRY AVE, Chicago, IL, 60634","6254 W BARRY AVE, CHICAGO, IL, 60634",111750774,190401,-87.782340366402,41.936591969661
546,6334 W BARRY AVE,"6334 W BARRY AVE, Chicago, IL, 60634","6334 W BARRY AVE, CHICAGO, IL, 60634",605161703,190401,-87.784697038734,41.936562367938
547,6322 W BARRY AVE,"6322 W BARRY AVE, Chicago, IL, 60634","6322 W BARRY AVE, CHICAGO, IL, 60634",605161703,190401,-87.784279518532,41.9365684053
548,6330 W BARRY AVE,"6330 W BARRY AVE, Chicago, IL, 60634","6330 W BARRY AVE, CHICAGO, IL, 60634",605161703,190401,-87.784557624546,41.936564155292
549,6340 W BARRY AVE,"6340 W BARRY AVE, Chicago, IL, 60634","6340 W BARRY AVE, CHICAGO, IL, 60634",605161703,190401,-87.784906160015,41.936559686907
550,6322 W BARRY AVE,"6322 W BARRY AVE, Chicago, IL, 60634","6322 W BARRY AVE, CHICAGO, IL, 60634",605161703,190401,-87.784279518532,41.9365684053
551,6330 W BARRY AVE,"6330 W BARRY AVE, Chicago, IL, 60634","6330 W BARRY AVE, CHICAGO, IL, 60634",605161703,190401,-87.784557624546,41.936564155292
552,6334 W BARRY AVE,"6334 W BARRY AVE, Chicago, IL, 60634","6334 W BARRY AVE, CHICAGO, IL, 60634",605161703,190401,-87.784697038734,41.936562367938
553,6340 W BARRY AVE,"6340 W BARRY AVE, Chicago, IL, 60634","6340 W BARRY AVE, CHICAGO, IL, 60634",605161703,190401,-87.784906160015,41.936559686907
554,3101 N NARRAGANSETT AVE,"3101 N NARRAGANSETT AVE, Chicago, IL, 60634","3101 N NARRAGANSETT AVE, CHICAGO, IL, 60634",111750757,190401,-87.785797121722,41.936549496226
555,3101 N NARRAGANSETT AVE,"3101 N NARRAGANSETT AVE, Chicago, IL, 60634","3101 N NARRAGANSETT AVE, CHICAGO, IL, 60634",111750757,190401,-87.785797121722,41.936549496226
